26,4,0.001999
42,4,0.001999
42-38,440,0.21989
53,4,0.001999
53-48,874,0.436782
54,4,0.001999
72,4,0.001999
75,4,0.001999
75-39,1157,0.578211
83,4,0.001999
91,4,0.001999
91-48,874,0.436782
91-39,1157,0.578211
91-48-39,2027,1.012994
93,4,0.001999
39-93,1157,0.578211
113,4,0.001999
39-113,1157,0.578211
129,4,0.001999
133,4,0.001999
163,4,0.001999
168,4,0.001999
180,4,0.001999
192,4,0.001999
192-39,1157,0.578211
193,4,0.001999
39-193,1157,0.578211
197,4,0.001999
205,4,0.001999
273,4,0.001999
275,4,0.001999
283,4,0.001999
283-39,1157,0.578211
291,4,0.001999
292,4,0.001999
293,4,0.001999
302,4,0.001999
313,4,0.001999
319,4,0.001999
39-319,1157,0.578211
326,4,0.001999
328,4,0.001999
331,4,0.001999
336,4,0.001999
48-336,874,0.436782
339,4,0.001999
342,4,0.001999
344,4,0.001999
346,4,0.001999
351,4,0.001999
368,4,0.001999
373,4,0.001999
48-373,874,0.436782
373-39,1157,0.578211
48-373-39,2027,1.012994
375,4,0.001999
378,4,0.001999
383,4,0.001999
430,4,0.001999
442,4,0.001999
460,4,0.001999
463,4,0.001999
465,4,0.001999
477,4,0.001999
486,4,0.001999
494,4,0.001999
499,4,0.001999
500,4,0.001999
503,4,0.001999
508,4,0.001999
514,4,0.001999
529,4,0.001999
48-529,874,0.436782
539,4,0.001999
540,4,0.001999
48-540,874,0.436782
542,4,0.001999
546,4,0.001999
555,4,0.001999
39-555,1157,0.578211
561,4,0.001999
564,4,0.001999
41-564,489,0.244378
48-564,874,0.436782
48-41-564,1359,0.67916
39-564,1157,0.578211
48-39-564,2027,1.012994
39-41-564,1642,0.82059
48-39-41-564,2512,1.255372
596,4,0.001999
599,4,0.001999
625,4,0.001999
674,4,0.001999
682,4,0.001999
684,4,0.001999
697,4,0.001999
39-697,1157,0.578211
702,4,0.001999
719,4,0.001999
720,4,0.001999
725,4,0.001999
729,4,0.001999
762,4,0.001999
767,4,0.001999
788,4,0.001999
48-788,874,0.436782
807,4,0.001999
808,4,0.001999
825,4,0.001999
835,4,0.001999
849,4,0.001999
852,4,0.001999
853,4,0.001999
860,4,0.001999
862,4,0.001999
875,4,0.001999
880,4,0.001999
893,4,0.001999
39-893,1157,0.578211
894,4,0.001999
904,4,0.001999
909,4,0.001999
921,4,0.001999
925,4,0.001999
938,4,0.001999
943,4,0.001999
974,4,0.001999
982,4,0.001999
995,4,0.001999
1002,4,0.001999
1016,4,0.001999
1019,4,0.001999
1023,4,0.001999
1029,4,0.001999
1044,4,0.001999
1046,4,0.001999
1046-32,295,0.147426
1048,4,0.001999
1048-48,874,0.436782
1049,4,0.001999
1055,4,0.001999
1063,4,0.001999
1068,4,0.001999
1086,4,0.001999
1089,4,0.001999
48-1089,874,0.436782
1090,4,0.001999
1094,4,0.001999
1096,4,0.001999
1104,4,0.001999
1104-39,1157,0.578211
1107,4,0.001999
1115,4,0.001999
1137,4,0.001999
1147,4,0.001999
1158,4,0.001999
1159,4,0.001999
1160,4,0.001999
1163,4,0.001999
1173,4,0.001999
48-1173,874,0.436782
39-1173,1157,0.578211
48-39-1173,2027,1.012994
1176,4,0.001999
1183,4,0.001999
1183-48,874,0.436782
1185,4,0.001999
1203,4,0.001999
1207,4,0.001999
1223,4,0.001999
1235,4,0.001999
1235-39,1157,0.578211
1242,4,0.001999
39-1242,1157,0.578211
1244,4,0.001999
1250,4,0.001999
1250-48,874,0.436782
1251,4,0.001999
1257,4,0.001999
1260,4,0.001999
48-1260,874,0.436782
39-1260,1157,0.578211
48-39-1260,2027,1.012994
1267,4,0.001999
1307,4,0.001999
1309,4,0.001999
1313,4,0.001999
1313-39,1157,0.578211
1339,4,0.001999
48-1339,874,0.436782
1362,4,0.001999
1362-39,1157,0.578211
1363,4,0.001999
39-1363,1157,0.578211
1365,4,0.001999
1381,4,0.001999
1391,4,0.001999
1395,4,0.001999
1402,4,0.001999
1409,4,0.001999
1411,4,0.001999
1423,4,0.001999
1428,4,0.001999
1446,4,0.001999
1464,4,0.001999
1463-1464,9,0.004498
38-1464,440,0.21989
38-1464-1463,445,0.222389
1464-39,1157,0.578211
38-1464-39,1593,0.796102
1463-1464-39,1162,0.58071
1463-1464-38-39,1598,0.798601
1468,4,0.001999
1470,4,0.001999
1470-48,874,0.436782
1473,4,0.001999
1486,4,0.001999
1497,4,0.001999
1498,4,0.001999
1503,4,0.001999
1516,4,0.001999
1535,4,0.001999
1540,4,0.001999
1546,4,0.001999
1547,4,0.001999
1547-39,1157,0.578211
1561,4,0.001999
1564,4,0.001999
1564-39,1157,0.578211
1569,4,0.001999
1589,4,0.001999
1595,4,0.001999
1596,4,0.001999
1611,4,0.001999
1612,4,0.001999
1628,4,0.001999
1628-41,489,0.244378
1629,4,0.001999
1634,4,0.001999
1642,4,0.001999
1668,4,0.001999
1669,4,0.001999
1677,4,0.001999
1679,4,0.001999
1679-39,1157,0.578211
1682,4,0.001999
1697,4,0.001999
39-1697,1157,0.578211
1700,4,0.001999
1709,4,0.001999
1710,4,0.001999
1710-41,489,0.244378
48-1710,874,0.436782
48-1710-41,1359,0.67916
1733,4,0.001999
1740,4,0.001999
39-1740,1157,0.578211
1744,4,0.001999
1746,4,0.001999
39-1746,1157,0.578211
1775,4,0.001999
1776,4,0.001999
1787,4,0.001999
1787-39,1157,0.578211
1803,4,0.001999
1803-39,1157,0.578211
1807,4,0.001999
1818,4,0.001999
1824,4,0.001999
1827,4,0.001999
1841,4,0.001999
1864,4,0.001999
1865,4,0.001999
1866,4,0.001999
48-1866,874,0.436782
1874,4,0.001999
1882,4,0.001999
1882-39,1157,0.578211
1886,4,0.001999
1897,4,0.001999
1905,4,0.001999
1919,4,0.001999
1920,4,0.001999
1934,4,0.001999
1947,4,0.001999
1951,4,0.001999
1951-39,1157,0.578211
1954,4,0.001999
1964,4,0.001999
48-1964,874,0.436782
1972,4,0.001999
48-1972,874,0.436782
1999,4,0.001999
2002,4,0.001999
48-2002,874,0.436782
2011,4,0.001999
2011-41,489,0.244378
2011-48,874,0.436782
2011-48-41,1359,0.67916
2030,4,0.001999
2043,4,0.001999
2049,4,0.001999
2050,4,0.001999
2053,4,0.001999
2060,4,0.001999
2072,4,0.001999
2096,4,0.001999
2097,4,0.001999
39-2097,1157,0.578211
2115,4,0.001999
2138,4,0.001999
2141,4,0.001999
2165,4,0.001999
2180,4,0.001999
2188,4,0.001999
2215,4,0.001999
2231,4,0.001999
2242,4,0.001999
2245,4,0.001999
2249,4,0.001999
2263,4,0.001999
39-2263,1157,0.578211
2266,4,0.001999
2267,4,0.001999
48-2267,874,0.436782
2286,4,0.001999
2290,4,0.001999
2304,4,0.001999
2327,4,0.001999
2358,4,0.001999
2364,4,0.001999
2375,4,0.001999
2378,4,0.001999
2388,4,0.001999
2389,4,0.001999
2395,4,0.001999
39-2395,1157,0.578211
2408,4,0.001999
39-2408,1157,0.578211
2420,4,0.001999
48-2420,874,0.436782
2443,4,0.001999
2457,4,0.001999
2469,4,0.001999
39-2469,1157,0.578211
2473,4,0.001999
2489,4,0.001999
2506,4,0.001999
2521,4,0.001999
2540,4,0.001999
2556,4,0.001999
2602,4,0.001999
2621,4,0.001999
2623,4,0.001999
2630,4,0.001999
39-2630,1157,0.578211
2649,4,0.001999
2654,4,0.001999
2669,4,0.001999
2676,4,0.001999
2692,4,0.001999
2701,4,0.001999
2709,4,0.001999
2740,4,0.001999
2780,4,0.001999
2801,4,0.001999
2822,4,0.001999
2830,4,0.001999
2836,4,0.001999
2852,4,0.001999
2856,4,0.001999
2867,4,0.001999
2880,4,0.001999
2893,4,0.001999
2900,4,0.001999
2902,4,0.001999
2915,4,0.001999
2919,4,0.001999
2920,4,0.001999
2931,4,0.001999
2942,4,0.001999
2943,4,0.001999
2976,4,0.001999
39-2976,1157,0.578211
2983,4,0.001999
48-2983,874,0.436782
2997,4,0.001999
3001,4,0.001999
3047,4,0.001999
3159,4,0.001999
3160,4,0.001999
3186,4,0.001999
3219,4,0.001999
3274,4,0.001999
3299,4,0.001999
3307,4,0.001999
3314,4,0.001999
39-3314,1157,0.578211
3321,4,0.001999
39-3321,1157,0.578211
3343,4,0.001999
3358,4,0.001999
3384,4,0.001999
3384-39,1157,0.578211
3458,4,0.001999
3493,4,0.001999
3504,4,0.001999
3521,4,0.001999
3549,4,0.001999
3553,4,0.001999
3569,4,0.001999
3641,4,0.001999
3644,4,0.001999
3677,4,0.001999
3678,4,0.001999
3708,4,0.001999
3715,4,0.001999
3886,4,0.001999
3903,4,0.001999
3913,4,0.001999
3988,4,0.001999
4011,4,0.001999
4013,4,0.001999
4037,4,0.001999
4056,4,0.001999
4072,4,0.001999
4099,4,0.001999
4105,4,0.001999
4162,4,0.001999
4256,4,0.001999
4269,4,0.001999
4430,4,0.001999
5,5,0.002499
6,5,0.002499
12,5,0.002499
21,5,0.002499
44,5,0.002499
38-44,441,0.22039
39-44,1158,0.578711
38-39-44,1594,0.796602
51,5,0.002499
48-51,875,0.437281
48-51-39,2028,1.013493
39-51,1158,0.578711
58,5,0.002499
59,5,0.002499
98,5,0.002499
111,5,0.002499
39-111,1158,0.578711
124,5,0.002499
126,5,0.002499
137,5,0.002499
137-48,875,0.437281
137-48-39,2028,1.013493
137-39,1158,0.578711
165,5,0.002499
48-165,875,0.437281
171,5,0.002499
174,5,0.002499
174-39,1158,0.578711
48-174-39,2028,1.013493
48-174,875,0.437281
176,5,0.002499
206,5,0.002499
212,5,0.002499
222,5,0.002499
48-222,875,0.437281
227,5,0.002499
234,5,0.002499
265,5,0.002499
266,5,0.002499
274,5,0.002499
276,5,0.002499
39-276,1158,0.578711
285,5,0.002499
285-39,1158,0.578711
285-48-39,2028,1.013493
285-48,875,0.437281
289,5,0.002499
48-289,875,0.437281
290,5,0.002499
39-290,1158,0.578711
297,5,0.002499
297-39,1158,0.578711
299,5,0.002499
314,5,0.002499
314-39,1158,0.578711
330,5,0.002499
39-330,1158,0.578711
332,5,0.002499
347,5,0.002499
398,5,0.002499
423,5,0.002499
423-39,1158,0.578711
432,5,0.002499
489,5,0.002499
39-489,1158,0.578711
48-39-489,2028,1.013493
48-489,875,0.437281
493,5,0.002499
48-493,875,0.437281
498,5,0.002499
39-498,1158,0.578711
501,5,0.002499
505,5,0.002499
513,5,0.002499
547,5,0.002499
39-547,1158,0.578711
563,5,0.002499
565,5,0.002499
39-565,1158,0.578711
585,5,0.002499
586,5,0.002499
48-586,875,0.437281
587,5,0.002499
587-39,1158,0.578711
636,5,0.002499
48-636,875,0.437281
636-32,296,0.147926
637,5,0.002499
645,5,0.002499
652,5,0.002499
39-652,1158,0.578711
653,5,0.002499
661,5,0.002499
661-48,875,0.437281
695,5,0.002499
39-695,1158,0.578711
714,5,0.002499
714-39,1158,0.578711
716,5,0.002499
717,5,0.002499
731,5,0.002499
741,5,0.002499
743-741,11,0.005497
48-741,875,0.437281
753,5,0.002499
755,5,0.002499
761,5,0.002499
796,5,0.002499
48-796,875,0.437281
39-796,1158,0.578711
801,5,0.002499
39-801,1158,0.578711
817,5,0.002499
48-817,875,0.437281
822,5,0.002499
837,5,0.002499
845,5,0.002499
854,5,0.002499
854-41,490,0.244878
854-39,1158,0.578711
859,5,0.002499
48-859,875,0.437281
859-39,1158,0.578711
874,5,0.002499
877,5,0.002499
896,5,0.002499
48-896,875,0.437281
39-896,1158,0.578711
922,5,0.002499
926,5,0.002499
39-926,1158,0.578711
927,5,0.002499
930,5,0.002499
959,5,0.002499
987,5,0.002499
987-39,1158,0.578711
1012,5,0.002499
1012-41,490,0.244878
48-1012,875,0.437281
39-1012,1158,0.578711
39-1012-41,1643,0.821089
1015,5,0.002499
48-1015,875,0.437281
1103,5,0.002499
1103-39,1158,0.578711
1128,5,0.002499
48-1128,875,0.437281
48-1128-39,2028,1.013493
39-1128,1158,0.578711
1138,5,0.002499
1139,5,0.002499
1184,5,0.002499
39-1184,1158,0.578711
1206,5,0.002499
1209,5,0.002499
1209-39,1158,0.578711
1222,5,0.002499
48-1222,875,0.437281
1281,5,0.002499
1318,5,0.002499
48-1318,875,0.437281
39-1318,1158,0.578711
1329,5,0.002499
1342,5,0.002499
1343,5,0.002499
48-1343,875,0.437281
1384,5,0.002499
1384-1385,11,0.005497
1390,5,0.002499
39-1390,1158,0.578711
1408,5,0.002499
1410,5,0.002499
1415,5,0.002499
1436,5,0.002499
39-1436,1158,0.578711
1437,5,0.002499
1440,5,0.002499
1456,5,0.002499
1463,5,0.002499
1463-38,441,0.22039
1463-39,1158,0.578711
1463-39-38,1594,0.796602
1475,5,0.002499
1499,5,0.002499
1501,5,0.002499
39-1501,1158,0.578711
1517,5,0.002499
1524,5,0.002499
48-1524,875,0.437281
1536,5,0.002499
1536-48,875,0.437281
1536-39,1158,0.578711
1537,5,0.002499
1543,5,0.002499
1575,5,0.002499
39-1575,1158,0.578711
1618,5,0.002499
1652,5,0.002499
1678,5,0.002499
39-1678,1158,0.578711
48-1678,875,0.437281
1680,5,0.002499
1681-1680,13,0.006497
48-1680,875,0.437281
48-1681-1680,883,0.441279
1699,5,0.002499
1702,5,0.002499
1727,5,0.002499
38-1727,441,0.22039
1738,5,0.002499
1738-48,875,0.437281
1738-39,1158,0.578711
1741,5,0.002499
1742,5,0.002499
1748,5,0.002499
1748-39,1158,0.578711
1806,5,0.002499
1806-39,1158,0.578711
1877,5,0.002499
1903,5,0.002499
39-1903,1158,0.578711
1914,5,0.002499
48-1914,875,0.437281
1936,5,0.002499
48-1936,875,0.437281
39-1936,1158,0.578711
48-39-1936,2028,1.013493
1958,5,0.002499
2006,5,0.002499
2046,5,0.002499
2098,5,0.002499
39-2098,1158,0.578711
2108,5,0.002499
2110,5,0.002499
2147,5,0.002499
2151,5,0.002499
2182,5,0.002499
2201,5,0.002499
2239,5,0.002499
2254,5,0.002499
2254-39,1158,0.578711
2297,5,0.002499
2351,5,0.002499
2353,5,0.002499
2353-39,1158,0.578711
2370,5,0.002499
48-2370,875,0.437281
39-2370,1158,0.578711
2431,5,0.002499
48-2431,875,0.437281
39-2431,1158,0.578711
48-39-2431,2028,1.013493
2445,5,0.002499
48-2445,875,0.437281
2471,5,0.002499
2471-39,1158,0.578711
2519,5,0.002499
39-2519,1158,0.578711
2523,5,0.002499
48-2523,875,0.437281
2537,5,0.002499
2537-48,875,0.437281
2554,5,0.002499
2592,5,0.002499
39-2592,1158,0.578711
2624,5,0.002499
2635,5,0.002499
2661,5,0.002499
48-2661,875,0.437281
48-2661-39,2028,1.013493
39-2661,1158,0.578711
2710,5,0.002499
2800,5,0.002499
2800-48,875,0.437281
2815,5,0.002499
48-2815,875,0.437281
2820,5,0.002499
2833,5,0.002499
2853,5,0.002499
39-2853,1158,0.578711
2947,5,0.002499
2951,5,0.002499
39-2951,1158,0.578711
2988,5,0.002499
3161,5,0.002499
3173,5,0.002499
3179,5,0.002499
3194,5,0.002499
3259,5,0.002499
3316,5,0.002499
39-3316,1158,0.578711
3412,5,0.002499
3573,5,0.002499
48-3573,875,0.437281
39-3573,1158,0.578711
3598,5,0.002499
3680,5,0.002499
3724,5,0.002499
3759,5,0.002499
3759-48,875,0.437281
3759-39,1158,0.578711
3774,5,0.002499
3774-39,1158,0.578711
3774-48-39,2028,1.013493
3774-48,875,0.437281
3827,5,0.002499
3827-39,1158,0.578711
3977,5,0.002499
3977-2990,28,0.013993
4080,5,0.002499
4107,5,0.002499
4198,5,0.002499
1132-4198,12,0.005997
3992-4198,11,0.005497
1,6,0.002999
27,6,0.002999
52,6,0.002999
71,6,0.002999
77,6,0.002999
77-39,1159,0.57921
48-77-39,2029,1.013993
48-77,876,0.437781
80,6,0.002999
80-39,1159,0.57921
90,6,0.002999
39-90,1159,0.57921
102,6,0.002999
102-41,491,0.245377
39-102-41,1644,0.821589
39-102,1159,0.57921
108,6,0.002999
108-107,21,0.010495
108-39,1159,0.57921
108-39-107,1174,0.586707
116,6,0.002999
39-116,1159,0.57921
48-116,876,0.437781
127,6,0.002999
128,6,0.002999
164,6,0.002999
166,6,0.002999
167,6,0.002999
207,6,0.002999
207-39,1159,0.57921
211,6,0.002999
211-39,1159,0.57921
284,6,0.002999
39-284,1159,0.57921
312,6,0.002999
312-48,876,0.437781
312-48-39,2029,1.013993
312-39,1159,0.57921
337,6,0.002999
421,6,0.002999
421-48,876,0.437781
422,6,0.002999
48-422,876,0.437781
39-422,1159,0.57921
424,6,0.002999
424-48,876,0.437781
451,6,0.002999
48-451,876,0.437781
478,6,0.002999
39-478,1159,0.57921
490,6,0.002999
48-490,876,0.437781
39-490,1159,0.57921
48-39-490,2029,1.013993
525,6,0.002999
558,6,0.002999
578,6,0.002999
48-578,876,0.437781
593,6,0.002999
39-593,1159,0.57921
48-39-593,2029,1.013993
48-593,876,0.437781
610,6,0.002999
48-610,876,0.437781
611,6,0.002999
611-41,491,0.245377
39-611,1159,0.57921
39-611-41,1644,0.821589
48-611,876,0.437781
649,6,0.002999
48-649,876,0.437781
48-649-39,2029,1.013993
39-649,1159,0.57921
651,6,0.002999
39-651,1159,0.57921
662,6,0.002999
662-48,876,0.437781
665,6,0.002999
39-665,1159,0.57921
669,6,0.002999
39-669,1159,0.57921
673,6,0.002999
48-673,876,0.437781
48-39-673,2029,1.013993
41-673,491,0.245377
39-41-673,1644,0.821589
39-673,1159,0.57921
689,6,0.002999
39-689,1159,0.57921
48-39-689,2029,1.013993
48-689,876,0.437781
696,6,0.002999
48-696,876,0.437781
721,6,0.002999
39-721,1159,0.57921
743,6,0.002999
743-39,1159,0.57921
743-48,876,0.437781
795,6,0.002999
48-795,876,0.437781
797,6,0.002999
797-41,491,0.245377
797-39,1159,0.57921
797-39-41,1644,0.821589
797-1153,14,0.006997
797-1154-1153,23,0.011494
797-1154,15,0.007496
833,6,0.002999
833-39,1159,0.57921
864,6,0.002999
48-864,876,0.437781
865,6,0.002999
48-865,876,0.437781
39-865,1159,0.57921
913,6,0.002999
915,6,0.002999
38-915,442,0.22089
38-48-915,1312,0.655672
38-39-915,1595,0.797101
38-48-39-915,2465,1.231884
48-915,876,0.437781
48-915-39,2029,1.013993
39-915,1159,0.57921
931,6,0.002999
941,6,0.002999
39-941,1159,0.57921
958,6,0.002999
41-958,491,0.245377
39-958,1159,0.57921
39-41-958,1644,0.821589
967,6,0.002999
968,6,0.002999
39-968,1159,0.57921
986,6,0.002999
991,6,0.002999
1020,6,0.002999
48-1020,876,0.437781
48-1020-39,2029,1.013993
1020-39,1159,0.57921
1024,6,0.002999
1027,6,0.002999
39-1027,1159,0.57921
1031,6,0.002999
48-1031,876,0.437781
1043,6,0.002999
237-1043,62,0.030985
39-1043,1159,0.57921
1060,6,0.002999
48-1060,876,0.437781
1070,6,0.002999
1105,6,0.002999
1105-41,491,0.245377
48-1105,876,0.437781
1112,6,0.002999
1112-41,491,0.245377
1124,6,0.002999
39-1124,1159,0.57921
1126,6,0.002999
1130,6,0.002999
48-1130,876,0.437781
39-1130,1159,0.57921
48-39-1130,2029,1.013993
1145,6,0.002999
39-1145,1159,0.57921
1191,6,0.002999
1192,6,0.002999
1227,6,0.002999
1269,6,0.002999
39-1269,1159,0.57921
39-308-1269,1168,0.583708
308-1269,15,0.007496
1277,6,0.002999
1277-39,1159,0.57921
48-1277-39,2029,1.013993
1277-41,491,0.245377
48-1277,876,0.437781
48-1277-41,1361,0.68016
1280,6,0.002999
1312,6,0.002999
48-1312,876,0.437781
39-1312,1159,0.57921
1314,6,0.002999
1314-39,1159,0.57921
1315,6,0.002999
1315-41,491,0.245377
48-1315,876,0.437781
39-1315,1159,0.57921
48-39-1315,2029,1.013993
1352,6,0.002999
1352-48,876,0.437781
1378,6,0.002999
309-1378,13,0.006497
1080-1378,14,0.006997
1080-1378-1380,21,0.010495
1378-308,15,0.007496
309-1378-308,22,0.010995
48-1378,876,0.437781
48-1378-39,2029,1.013993
1380-1378,13,0.006497
39-1378,1159,0.57921
39-1380-1378,1166,0.582709
1379,6,0.002999
1379-1378,12,0.005997
1379-1378-308,21,0.010495
1379-309-1378,19,0.009495
1379-309-1378-308,28,0.013993
1379-1269,12,0.005997
1379-308-1269,21,0.010495
1379-1380,13,0.006497
1379-1380-309,20,0.009995
1379-1080,14,0.006997
1379-1080-1380,21,0.010495
1379-1080-309,21,0.010495
1379-1080-309-1380,28,0.013993
1379-309,13,0.006497
1379-308,15,0.007496
1379-309-308,22,0.010995
1379-39,1159,0.57921
1379-39-308,1168,0.583708
1379-309-39,1166,0.582709
1385,6,0.002999
1385-1153,14,0.006997
1154-1385,15,0.007496
1154-1385-1153,23,0.011494
1387,6,0.002999
1476,6,0.002999
1484,6,0.002999
1484-41,491,0.245377
39-1484-41,1644,0.821589
39-1484,1159,0.57921
1513,6,0.002999
48-1513,876,0.437781
39-1513,1159,0.57921
1529,6,0.002999
39-1529,1159,0.57921
38-39-1529,1595,0.797101
38-1529,442,0.22089
1625,6,0.002999
1625-39,1159,0.57921
1631,6,0.002999
48-1631,876,0.437781
1683,6,0.002999
38-1683,442,0.22089
39-1683,1159,0.57921
1736,6,0.002999
48-1736,876,0.437781
1763,6,0.002999
1791,6,0.002999
39-1791,1159,0.57921
1808,6,0.002999
39-1808,1159,0.57921
1842,6,0.002999
48-1842,876,0.437781
39-1842,1159,0.57921
48-39-1842,2029,1.013993
1870,6,0.002999
1870-32,297,0.148426
48-1870-32,1167,0.583208
48-1870,876,0.437781
1876,6,0.002999
1911,6,0.002999
39-1911,1159,0.57921
1916,6,0.002999
1930,6,0.002999
48-1930,876,0.437781
1980,6,0.002999
1986,6,0.002999
1996,6,0.002999
1996-48,876,0.437781
1996-48-39,2029,1.013993
1996-39,1159,0.57921
2015,6,0.002999
2015-48,876,0.437781
2015-39,1159,0.57921
48-2015-39,2029,1.013993
2058,6,0.002999
2079,6,0.002999
2106,6,0.002999
2106-48,876,0.437781
2154,6,0.002999
48-2154,876,0.437781
2168,6,0.002999
2168-39,1159,0.57921
2269,6,0.002999
39-2269,1159,0.57921
2354,6,0.002999
48-2354,876,0.437781
2354-39,1159,0.57921
2355,6,0.002999
48-2355,876,0.437781
39-2355,1159,0.57921
48-39-2355,2029,1.013993
2384,6,0.002999
48-2384,876,0.437781
2399,6,0.002999
2399-39,1159,0.57921
2399-48,876,0.437781
2424,6,0.002999
41-2424,491,0.245377
2436,6,0.002999
2528,6,0.002999
2550,6,0.002999
2550-39,1159,0.57921
2552,6,0.002999
2559,6,0.002999
2599,6,0.002999
48-2599,876,0.437781
39-2599,1159,0.57921
2747,6,0.002999
48-2747,876,0.437781
39-2747,1159,0.57921
2764,6,0.002999
2802,6,0.002999
2847,6,0.002999
2874,6,0.002999
2907,6,0.002999
39-2907,1159,0.57921
2965,6,0.002999
3005,6,0.002999
39-3005,1159,0.57921
38-39-3005,1595,0.797101
38-3005,442,0.22089
3028,6,0.002999
3080,6,0.002999
48-3080,876,0.437781
3148,6,0.002999
3148-39,1159,0.57921
3276,6,0.002999
48-3276,876,0.437781
3486,6,0.002999
3547,6,0.002999
48-3547,876,0.437781
3663,6,0.002999
3074-3663,16,0.007996
3074-39-3663,1169,0.584208
39-3663,1159,0.57921
3664,6,0.002999
3664-3663,12,0.005997
3664-39,1159,0.57921
3664-39-3663,1165,0.582209
3664-3074,16,0.007996
3981,6,0.002999
3992,6,0.002999
1132-3992,13,0.006497
4096,6,0.002999
48-4096,876,0.437781
4111,6,0.002999
4111-39,1159,0.57921
4113,6,0.002999
22,7,0.003498
43,7,0.003498
61,7,0.003498
48-61,877,0.438281
48-61-39,2030,1.014493
39-61,1160,0.57971
86,7,0.003498
41-86,492,0.245877
48-86,877,0.438281
92,7,0.003498
39-92,1160,0.57971
141,7,0.003498
151,7,0.003498
152-151,17,0.008496
39-151,1160,0.57971
175,7,0.003498
39-175,1160,0.57971
209,7,0.003498
39-209,1160,0.57971
213,7,0.003498
213-39,1160,0.57971
250,7,0.003498
48-250,877,0.438281
39-250,1160,0.57971
48-39-250,2030,1.014493
309,7,0.003498
1080-309,15,0.007496
39-1080-309,1168,0.583708
1080-309-308,24,0.011994
309-308,16,0.007996
39-309,1160,0.57971
39-309-308,1169,0.584208
341,7,0.003498
341-41,492,0.245877
345,7,0.003498
41-345,492,0.245877
48-345,877,0.438281
39-345,1160,0.57971
48-39-345,2030,1.014493
397,7,0.003498
397-48,877,0.438281
397-39,1160,0.57971
399,7,0.003498
406,7,0.003498
407,7,0.003498
39-407,1160,0.57971
48-407,877,0.438281
426,7,0.003498
48-426,877,0.438281
39-426,1160,0.57971
48-39-426,2030,1.014493
439,7,0.003498
48-439,877,0.438281
445,7,0.003498
39-445,1160,0.57971
48-39-445,2030,1.014493
48-445,877,0.438281
492,7,0.003498
495,7,0.003498
495-48,877,0.438281
495-48-39,2030,1.014493
495-39,1160,0.57971
560,7,0.003498
39-560,1160,0.57971
48-560,877,0.438281
572,7,0.003498
572-39,1160,0.57971
48-572-39,2030,1.014493
48-572,877,0.438281
626,7,0.003498
39-626,1160,0.57971
639,7,0.003498
48-639,877,0.438281
48-639-39,2030,1.014493
39-639,1160,0.57971
660,7,0.003498
690,7,0.003498
39-690,1160,0.57971
706,7,0.003498
706-39,1160,0.57971
713,7,0.003498
48-713,877,0.438281
39-713,1160,0.57971
750,7,0.003498
32-750,298,0.148926
39-750,1160,0.57971
757,7,0.003498
48-757,877,0.438281
48-39-757,2030,1.014493
38-757,443,0.221389
38-39-757,1596,0.797601
757-41,492,0.245877
39-757-41,1645,0.822089
39-757,1160,0.57971
803,7,0.003498
831,7,0.003498
39-831,1160,0.57971
48-831,877,0.438281
887,7,0.003498
39-887,1160,0.57971
48-887,877,0.438281
899,7,0.003498
48-899,877,0.438281
48-899-39,2030,1.014493
39-899,1160,0.57971
903,7,0.003498
38-903,443,0.221389
903-39,1160,0.57971
950,7,0.003498
973,7,0.003498
989,7,0.003498
48-989,877,0.438281
989-39,1160,0.57971
993,7,0.003498
48-993,877,0.438281
39-993,1160,0.57971
1000,7,0.003498
48-1000,877,0.438281
1000-39,1160,0.57971
48-1000-39,2030,1.014493
1014,7,0.003498
1014-41,492,0.245877
1014-39,1160,0.57971
1072,7,0.003498
1072-41,492,0.245877
48-1072,877,0.438281
48-1072-39,2030,1.014493
1072-39,1160,0.57971
1081,7,0.003498
48-1081,877,0.438281
1132,7,0.003498
1140,7,0.003498
1140-39,1160,0.57971
1174,7,0.003498
48-1174,877,0.438281
39-1174,1160,0.57971
1179,7,0.003498
48-1179,877,0.438281
1179-32,298,0.148926
39-1179-32,1451,0.725137
39-1179,1160,0.57971
1180,7,0.003498
1180-39,1160,0.57971
48-1180-39,2030,1.014493
1180-48,877,0.438281
1264,7,0.003498
1293,7,0.003498
39-1293,1160,0.57971
1294,7,0.003498
1294-41,492,0.245877
48-1294-41,1362,0.68066
48-1294,877,0.438281
1333,7,0.003498
1333-589,42,0.02099
1360,7,0.003498
41-1360,492,0.245877
39-1360,1160,0.57971
39-41-1360,1645,0.822089
1380,7,0.003498
1380-308,16,0.007996
1380-309-308,23,0.011494
1080-1380-308,24,0.011994
1080-1380-309-308,31,0.015492
48-1380,877,0.438281
48-1380-39,2030,1.014493
1380-309,14,0.006997
39-1380-309,1167,0.583208
39-1080-1380-309,1175,0.587206
1080-1380-309,22,0.010995
1080-1380,15,0.007496
39-1380,1160,0.57971
39-1080-1380,1168,0.583708
1469,7,0.003498
39-1469,1160,0.57971
1557,7,0.003498
1557-39,1160,0.57971
1557-39-41,1645,0.822089
1557-41,492,0.245877
1585,7,0.003498
1590,7,0.003498
1590-41,492,0.245877
39-1590-41,1645,0.822089
38-1590-41,928,0.463768
38-39-1590-41,2081,1.03998
39-1590,1160,0.57971
38-39-1590,1596,0.797601
38-1590,443,0.221389
1591,7,0.003498
1591-39,1160,0.57971
1591-48,877,0.438281
1591-41,492,0.245877
1638,7,0.003498
48-1638,877,0.438281
39-1638,1160,0.57971
1655,7,0.003498
48-1655,877,0.438281
39-1655,1160,0.57971
48-39-1655,2030,1.014493
1698,7,0.003498
48-1698,877,0.438281
1714,7,0.003498
48-1714,877,0.438281
38-1714,443,0.221389
1767,7,0.003498
39-1767,1160,0.57971
48-39-1767,2030,1.014493
48-1767,877,0.438281
1789,7,0.003498
48-1789,877,0.438281
39-1789,1160,0.57971
1833,7,0.003498
1976,7,0.003498
48-1976,877,0.438281
48-1976-39,2030,1.014493
1976-41,492,0.245877
39-1976-41,1645,0.822089
39-1976,1160,0.57971
1991,7,0.003498
39-1991,1160,0.57971
1994,7,0.003498
2054,7,0.003498
39-2054,1160,0.57971
2064,7,0.003498
39-2064,1160,0.57971
2065,7,0.003498
2065-39,1160,0.57971
2184,7,0.003498
48-2184,877,0.438281
48-2184-39,2030,1.014493
39-2184,1160,0.57971
2191,7,0.003498
2191-39,1160,0.57971
2191-48-39,2030,1.014493
2191-48,877,0.438281
2284,7,0.003498
2284-39,1160,0.57971
2365,7,0.003498
48-2365,877,0.438281
2464,7,0.003498
2464-41,492,0.245877
2464-39-41,1645,0.822089
2464-39,1160,0.57971
48-2464-39,2030,1.014493
2464-48,877,0.438281
2708,7,0.003498
2708-48,877,0.438281
2708-39,1160,0.57971
2708-48-39,2030,1.014493
2879,7,0.003498
39-2879,1160,0.57971
2987,7,0.003498
2987-48,877,0.438281
3250,7,0.003498
48-3250,877,0.438281
39-3250,1160,0.57971
3291,7,0.003498
48-3291,877,0.438281
3291-39,1160,0.57971
3548,7,0.003498
3693,7,0.003498
48-3693,877,0.438281
3693-2990,30,0.014993
0,8,0.003998
39-0,1161,0.58021
48-39-0,2031,1.014993
48-0,878,0.438781
62,8,0.003998
62-32,299,0.149425
184,8,0.003998
39-184,1161,0.58021
248,8,0.003998
48-248,878,0.438781
48-39-248,2031,1.014993
48-41-248,1363,0.681159
41-248,493,0.246377
39-248,1161,0.58021
39-41-248,1646,0.822589
256,8,0.003998
39-256,1161,0.58021
48-39-256,2031,1.014993
48-256,878,0.438781
261,8,0.003998
261-48,878,0.438781
261-39,1161,0.58021
282,8,0.003998
48-282,878,0.438781
48-282-39,2031,1.014993
39-282,1161,0.58021
348,8,0.003998
348-41,493,0.246377
39-348-41,1646,0.822589
39-348,1161,0.58021
350,8,0.003998
350-41,493,0.246377
39-350-41,1646,0.822589
48-350,878,0.438781
39-350,1161,0.58021
357,8,0.003998
38-357,444,0.221889
38-357-41,929,0.464268
38-48-357-41,1799,0.89905
38-357-39-41,2082,1.04048
41-38-357-48-39,2952,1.475262
38-357-39,1597,0.798101
38-48-357,1314,0.656672
38-48-357-39,2467,1.232884
357-41,493,0.246377
357-39-41,1646,0.822589
48-357-41,1363,0.681159
48-357-39-41,2516,1.257371
357-39,1161,0.58021
48-357-39,2031,1.014993
48-357,878,0.438781
425,8,0.003998
425-48,878,0.438781
425-48-41,1363,0.681159
425-41,493,0.246377
425-39,1161,0.58021
434,8,0.003998
48-434,878,0.438781
434-41,493,0.246377
434-39,1161,0.58021
468,8,0.003998
48-468,878,0.438781
32-48-468,1169,0.584208
32-468,299,0.149425
483,8,0.003998
483-39,1161,0.58021
491,8,0.003998
491-48,878,0.438781
491-48-39,2031,1.014993
491-39,1161,0.58021
521,8,0.003998
39-521,1161,0.58021
48-521,878,0.438781
591,8,0.003998
39-591,1161,0.58021
48-39-591,2031,1.014993
48-591,878,0.438781
615,8,0.003998
623,8,0.003998
647,8,0.003998
704,8,0.003998
39-704,1161,0.58021
723,8,0.003998
41-723,493,0.246377
48-41-723,1363,0.681159
39-723,1161,0.58021
48-39-723,2031,1.014993
48-723,878,0.438781
730,8,0.003998
48-730,878,0.438781
48-730-39,2031,1.014993
730-39,1161,0.58021
739,8,0.003998
739-39,1161,0.58021
739-39-41,1646,0.822589
48-739-39,2031,1.014993
48-739-39-41,2516,1.257371
739-41,493,0.246377
48-739-41,1363,0.681159
48-739,878,0.438781
766,8,0.003998
48-766,878,0.438781
778,8,0.003998
48-778,878,0.438781
39-778,1161,0.58021
794,8,0.003998
794-41,493,0.246377
39-794-41,1646,0.822589
39-794,1161,0.58021
798,8,0.003998
48-798,878,0.438781
805,8,0.003998
805-41,493,0.246377
48-805-41,1363,0.681159
39-805-41,1646,0.822589
48-39-805-41,2516,1.257371
48-805,878,0.438781
48-39-805,2031,1.014993
39-805,1161,0.58021
806,8,0.003998
39-806,1161,0.58021
48-806,878,0.438781
851,8,0.003998
39-851,1161,0.58021
48-851,878,0.438781
866,8,0.003998
48-866,878,0.438781
39-866,1161,0.58021
48-39-866,2031,1.014993
939,8,0.003998
939-41,493,0.246377
48-939,878,0.438781
39-939,1161,0.58021
940,8,0.003998
48-940,878,0.438781
48-940-39,2031,1.014993
940-39,1161,0.58021
984,8,0.003998
984-48,878,0.438781
984-39,1161,0.58021
48-984-39,2031,1.014993
1010,8,0.003998
39-1010,1161,0.58021
1034,8,0.003998
1034-39,1161,0.58021
1034-32,299,0.149425
1052,8,0.003998
1052-48,878,0.438781
1062,8,0.003998
48-1062,878,0.438781
39-1062,1161,0.58021
1080,8,0.003998
1080-308,17,0.008496
48-1080,878,0.438781
48-1080-39,2031,1.014993
39-1080,1161,0.58021
1123,8,0.003998
48-1123,878,0.438781
1153,8,0.003998
39-1153,1161,0.58021
1154-39-1153,1170,0.584708
1154-1153,17,0.008496
1194,8,0.003998
1194-39,1161,0.58021
48-1194-39,2031,1.014993
1194-48,878,0.438781
1196,8,0.003998
48-1196,878,0.438781
48-39-1196,2031,1.014993
39-1196,1161,0.58021
1229,8,0.003998
1229-41,493,0.246377
48-1229-41,1363,0.681159
39-1229,1161,0.58021
39-1229-41,1646,0.822589
48-39-1229,2031,1.014993
48-39-1229-41,2516,1.257371
1229-32,299,0.149425
48-1229,878,0.438781
1232,8,0.003998
48-1232,878,0.438781
39-1232,1161,0.58021
1239,8,0.003998
38-1239,444,0.221889
38-39-1239,1597,0.798101
1239-41,493,0.246377
48-1239-41,1363,0.681159
39-1239,1161,0.58021
48-39-1239,2031,1.014993
48-1239,878,0.438781
1274,8,0.003998
39-1274,1161,0.58021
48-39-1274,2031,1.014993
48-1274,878,0.438781
1282,8,0.003998
41-1282,493,0.246377
39-41-1282,1646,0.822589
39-1282,1161,0.58021
1479,8,0.003998
48-1479,878,0.438781
1479-32,299,0.149425
39-1479,1161,0.58021
1489,8,0.003998
39-1489,1161,0.58021
48-1489,878,0.438781
1588,8,0.003998
1598,8,0.003998
1598-41,493,0.246377
39-1598,1161,0.58021
1681,8,0.003998
1681-41,493,0.246377
39-1681-41,1646,0.822589
48-1681,878,0.438781
48-1681-39,2031,1.014993
39-1681,1161,0.58021
1779,8,0.003998
48-1779,878,0.438781
39-1779,1161,0.58021
1809,8,0.003998
39-1809,1161,0.58021
48-1809,878,0.438781
1831,8,0.003998
1831-89,83,0.041479
1831-39-89,1236,0.617691
1831-38-89,519,0.25937
1831-39-38-89,1672,0.835582
1831-48,878,0.438781
1831-48-39,2031,1.014993
1831-48-38,1314,0.656672
1831-48-38-39,2467,1.232884
1831-39,1161,0.58021
1831-39-38,1597,0.798101
1831-38,444,0.221889
1899,8,0.003998
1899-96,19,0.009495
1899-39-96,1172,0.585707
1899-41,493,0.246377
1899-39-41,1646,0.822589
1899-39,1161,0.58021
1966,8,0.003998
1966-48,878,0.438781
1966-48-39,2031,1.014993
1966-39,1161,0.58021
2117,8,0.003998
39-2117,1161,0.58021
48-2117,878,0.438781
2250,8,0.003998
2250-41,493,0.246377
2250-39,1161,0.58021
48-2250,878,0.438781
2259,8,0.003998
48-2259,878,0.438781
39-2259,1161,0.58021
2310,8,0.003998
39-2310,1161,0.58021
2350,8,0.003998
48-2350,878,0.438781
2362,8,0.003998
2362-39,1161,0.58021
2383,8,0.003998
48-2383,878,0.438781
39-2383,1161,0.58021
2425,8,0.003998
39-2425,1161,0.58021
2511,8,0.003998
2511-39,1161,0.58021
2515,8,0.003998
2515-48,878,0.438781
2515-48-39,2031,1.014993
2515-39,1161,0.58021
2775,8,0.003998
48-2775,878,0.438781
48-39-2775,2031,1.014993
39-2775,1161,0.58021
2786,8,0.003998
39-2786,1161,0.58021
48-2786,878,0.438781
2805,8,0.003998
39-2805,1161,0.58021
39-2805-41,1646,0.822589
38-39-2805-41,2082,1.04048
38-39-2805,1597,0.798101
2805-41,493,0.246377
38-2805-41,929,0.464268
38-2805,444,0.221889
2998,8,0.003998
32-2998,299,0.149425
39-2998,1161,0.58021
3279,8,0.003998
39-3279,1161,0.58021
30,9,0.004498
30-41,494,0.246877
30-39-41,1647,0.823088
30-39,1162,0.58071
50,9,0.004498
48-50,879,0.43928
39-50,1162,0.58071
103,9,0.004498
103-41,494,0.246877
48-103,879,0.43928
103-39,1162,0.58071
104,9,0.004498
38-104,445,0.222389
39-104,1162,0.58071
220,9,0.004498
48-220,879,0.43928
39-220,1162,0.58071
48-39-220,2032,1.015492
258,9,0.004498
39-258,1162,0.58071
48-39-258,2032,1.015492
48-258,879,0.43928
308,9,0.004498
48-308,879,0.43928
48-39-308,2032,1.015492
39-308,1162,0.58071
414,9,0.004498
414-39,1162,0.58071
414-48,879,0.43928
418,9,0.004498
418-39,1162,0.58071
48-418-39,2032,1.015492
418-48,879,0.43928
544,9,0.004498
48-544,879,0.43928
48-39-544,2032,1.015492
39-544,1162,0.58071
581,9,0.004498
48-581,879,0.43928
39-581,1162,0.58071
597,9,0.004498
597-41,494,0.246877
597-39,1162,0.58071
598,9,0.004498
48-598,879,0.43928
39-598,1162,0.58071
616,9,0.004498
39-616,1162,0.58071
48-39-616,2032,1.015492
48-616,879,0.43928
622,9,0.004498
39-622,1162,0.58071
622-41,494,0.246877
48-622-41,1364,0.681659
48-622,879,0.43928
640,9,0.004498
39-640,1162,0.58071
48-640,879,0.43928
675,9,0.004498
675-48,879,0.43928
675-48-39,2032,1.015492
675-39,1162,0.58071
676,9,0.004498
48-676,879,0.43928
48-676-39,2032,1.015492
39-676,1162,0.58071
715,9,0.004498
715-41,494,0.246877
48-715-41,1364,0.681659
48-715,879,0.43928
727,9,0.004498
39-727,1162,0.58071
48-39-727,2032,1.015492
48-727,879,0.43928
734,9,0.004498
734-39,1162,0.58071
734-48-39,2032,1.015492
734-48,879,0.43928
924,9,0.004498
48-924,879,0.43928
48-924-39,2032,1.015492
39-924,1162,0.58071
961,9,0.004498
961-549,26,0.012994
48-961-549,896,0.447776
48-961,879,0.43928
961-39,1162,0.58071
48-961-39,2032,1.015492
978,9,0.004498
978-39,1162,0.58071
981,9,0.004498
981-41,494,0.246877
94-981,33,0.016492
1796-94-981,46,0.022989
39-94-981,1186,0.592704
39-1796-94-981,1199,0.5992
48-981,879,0.43928
48-1796-981,892,0.445777
48-39-981,2032,1.015492
48-1796-39-981,2045,1.021989
1796-981,22,0.010995
39-1796-981,1175,0.587206
39-981,1162,0.58071
1011,9,0.004498
48-1011,879,0.43928
39-1011,1162,0.58071
1067,9,0.004498
39-1067,1162,0.58071
48-39-1067,2032,1.015492
48-1067,879,0.43928
1154,9,0.004498
1154-41,494,0.246877
1154-39-41,1647,0.823088
1154-39,1162,0.58071
1361,9,0.004498
41-1361,494,0.246877
39-41-1361,1647,0.823088
39-1361,1162,0.58071
1433,9,0.004498
41-1433,494,0.246877
39-41-1433,1647,0.823088
48-1433,879,0.43928
48-39-1433,2032,1.015492
39-1433,1162,0.58071
1624,9,0.004498
1624-39,1162,0.58071
1624-48,879,0.43928
1696,9,0.004498
38-1696,445,0.222389
1696-41,494,0.246877
39-1696-41,1647,0.823088
48-1696,879,0.43928
39-1696,1162,0.58071
1739,9,0.004498
32-1739,300,0.149925
1739-41,494,0.246877
48-1739-41,1364,0.681659
48-1739,879,0.43928
2080,9,0.004498
2080-41,494,0.246877
39-2080,1162,0.58071
39-2080-41,1647,0.823088
48-39-2080,2032,1.015492
48-2080,879,0.43928
48-2080-41,1364,0.681659
2091,9,0.004498
2091-48,879,0.43928
2091-39,1162,0.58071
2118,9,0.004498
2118-41,494,0.246877
2118-39,1162,0.58071
2118-48,879,0.43928
2164,9,0.004498
48-2164,879,0.43928
2164-41,494,0.246877
39-2164-41,1647,0.823088
39-2164,1162,0.58071
2186,9,0.004498
2186-48,879,0.43928
2186-39,1162,0.58071
2329,9,0.004498
2329-1004,29,0.014493
2329-39,1162,0.58071
2329-39-41,1647,0.823088
48-2329-39,2032,1.015492
48-2329-39-41,2517,1.257871
2329-41,494,0.246877
2329-48-41,1364,0.681659
2329-48,879,0.43928
2343,9,0.004498
39-2343,1162,0.58071
48-2343,879,0.43928
2413,9,0.004498
39-2413,1162,0.58071
48-2413,879,0.43928
2440,9,0.004498
2440-39,1162,0.58071
48-2440,879,0.43928
2505,9,0.004498
48-2505,879,0.43928
48-2505-39,2032,1.015492
39-2505,1162,0.58071
2638,9,0.004498
2638-39,1162,0.58071
48-2638,879,0.43928
2994,9,0.004498
48-2994,879,0.43928
39-2994,1162,0.58071
39-2994-3735,1180,0.589705
2994-2990,32,0.015992
2994-3735,27,0.013493
3323,9,0.004498
3323-41,494,0.246877
48-3323-41,1364,0.681659
39-3323-41,1647,0.823088
48-39-3323-41,2517,1.257871
48-3323,879,0.43928
48-3323-39,2032,1.015492
39-3323,1162,0.58071
4026,9,0.004498
48-4026,879,0.43928
67,10,0.004998
68-67,23,0.011494
39-67,1163,0.581209
48-39-67,2033,1.015992
48-67,880,0.43978
136,10,0.004998
48-136,880,0.43978
152,10,0.004998
152-32,301,0.150425
152-48,880,0.43978
152-48-39,2033,1.015992
152-39,1163,0.581209
232,10,0.004998
232-39,1163,0.581209
279,10,0.004998
279-48,880,0.43978
279-39,1163,0.581209
48-279-39,2033,1.015992
370,10,0.004998
48-370,880,0.43978
48-39-370,2033,1.015992
38-48-370,1316,0.657671
38-48-39-370,2469,1.233883
41-370,495,0.247376
39-41-370,1648,0.823588
38-39-41-370,2084,1.041479
38-41-370,931,0.465267
39-370,1163,0.581209
38-39-370,1599,0.7991
38-370,446,0.222889
384,10,0.004998
89-384,85,0.042479
41-89-384,570,0.284858
39-89-384,1238,0.618691
39-41-89-384,1723,0.861069
48-384,880,0.43978
48-41-384,1365,0.682159
48-39-384,2033,1.015992
41-384,495,0.247376
39-41-384,1648,0.823588
39-384,1163,0.581209
389,10,0.004998
48-389,880,0.43978
389-39,1163,0.581209
396,10,0.004998
32-396,301,0.150425
396-41,495,0.247376
48-396,880,0.43978
39-396,1163,0.581209
543,10,0.004998
543-48,880,0.43978
543-39,1163,0.581209
48-543-39,2033,1.015992
643,10,0.004998
38-643,446,0.222889
38-48-643,1316,0.657671
39-643,1163,0.581209
48-39-643,2033,1.015992
48-643,880,0.43978
763,10,0.004998
48-763,880,0.43978
39-763,1163,0.581209
48-39-763,2033,1.015992
785,10,0.004998
41-785,495,0.247376
39-41-785,1648,0.823588
48-785,880,0.43978
48-39-785,2033,1.015992
39-785,1163,0.581209
947,10,0.004998
48-947,880,0.43978
48-947-39,2033,1.015992
39-947,1163,0.581209
952,10,0.004998
48-952,880,0.43978
48-952-39,2033,1.015992
39-952,1163,0.581209
1082,10,0.004998
101-1082,56,0.027986
39-1082,1163,0.581209
39-1082-41,1648,0.823588
48-1082,880,0.43978
48-1082-41,1365,0.682159
1082-41,495,0.247376
1113,10,0.004998
48-1113,880,0.43978
39-1113,1163,0.581209
1368,10,0.004998
48-1368,880,0.43978
48-1368-39,2033,1.015992
39-1368,1163,0.581209
1417,10,0.004998
48-1417,880,0.43978
1568,10,0.004998
1568-48,880,0.43978
1783,10,0.004998
1783-48,880,0.43978
1783-39,1163,0.581209
1872,10,0.004998
1872-41,495,0.247376
48-1872,880,0.43978
2199,10,0.004998
38-2199,446,0.222889
2199-41,495,0.247376
2199-39,1163,0.581209
2199-48,880,0.43978
2212,10,0.004998
39-2212,1163,0.581209
2325,10,0.004998
2325-41,495,0.247376
2325-48,880,0.43978
38-2325,446,0.222889
38-2325-39,1599,0.7991
2325-39,1163,0.581209
2492,10,0.004998
2492-41,495,0.247376
48-2492-41,1365,0.682159
39-2492,1163,0.581209
60-2492,63,0.031484
48-2492,880,0.43978
2673,10,0.004998
2673-41,495,0.247376
2673-39-41,1648,0.823588
2673-48,880,0.43978
2673-48-39,2033,1.015992
2673-39,1163,0.581209
2694,10,0.004998
94-2694,34,0.016992
48-2694,880,0.43978
48-2694-39,2033,1.015992
39-2694,1163,0.581209
2741,10,0.004998
2741-32,301,0.150425
39-2741-32,1454,0.726637
39-2741,1163,0.581209
48-39-2741,2033,1.015992
48-2741,880,0.43978
2894,10,0.004998
39-2894,1163,0.581209
48-39-2894,2033,1.015992
48-2894,880,0.43978
3074,10,0.004998
3074-1372,23,0.011494
3074-39-1372,1176,0.587706
3074-1796,23,0.011494
3074-39,1163,0.581209
3102,10,0.004998
48-3102,880,0.43978
39-3102,1163,0.581209
3462,10,0.004998
48-3462,880,0.43978
39-3462,1163,0.581209
3638,10,0.004998
3638-41,495,0.247376
48-3638-41,1365,0.682159
3638-39-41,1648,0.823588
48-3638-39-41,2518,1.258371
48-3638,880,0.43978
48-3638-39,2033,1.015992
3638-39,1163,0.581209
2,11,0.005497
2-39,1164,0.581709
10,11,0.005497
39-10,1164,0.581709
48-39-10,2034,1.016492
48-10,881,0.44028
96,11,0.005497
95-96,32,0.015992
95-96-39,1185,0.592204
48-96,881,0.44028
39-96,1164,0.581709
200,11,0.005497
200-39,1164,0.581709
48-200-39,2034,1.016492
200-48,881,0.44028
229,11,0.005497
41-229,496,0.247876
39-41-229,1649,0.824088
48-41-229,1366,0.682659
39-229,1164,0.581709
48-39-229,2034,1.016492
48-229,881,0.44028
251,11,0.005497
251-39,1164,0.581709
251-48,881,0.44028
278,11,0.005497
48-278,881,0.44028
48-278-39,2034,1.016492
39-278,1164,0.581709
536,11,0.005497
536-39,1164,0.581709
38-536,447,0.223388
536-48,881,0.44028
38-536-48,1317,0.658171
790,11,0.005497
790-48,881,0.44028
790-48-41,1366,0.682659
790-48-38-41,1802,0.90055
790-48-39,2034,1.016492
790-48-39-41,2519,1.258871
41-38-790-48-39,2955,1.476762
790-48-38-39,2470,1.234383
790-48-38,1317,0.658171
790-41,496,0.247876
790-39-41,1649,0.824088
790-39-38-41,2085,1.041979
790-38-41,932,0.465767
790-39,1164,0.581709
790-39-38,1600,0.7996
790-38,447,0.223388
793,11,0.005497
48-793,881,0.44028
39-793,1164,0.581709
48-39-793,2034,1.016492
840,11,0.005497
39-840,1164,0.581709
38-39-840,1600,0.7996
38-840,447,0.223388
878,11,0.005497
878-48,881,0.44028
878-39,1164,0.581709
910,11,0.005497
956-910,27,0.013493
956-39-910,1180,0.589705
910-32,302,0.150925
48-910,881,0.44028
39-910,1164,0.581709
48-39-910,2034,1.016492
970,11,0.005497
970-41,496,0.247876
970-48,881,0.44028
970-48-39,2034,1.016492
970-39,1164,0.581709
1146,11,0.005497
38-1146,447,0.223388
38-48-1146,1317,0.658171
41-1146,496,0.247876
38-41-1146,932,0.465767
48-41-1146,1366,0.682659
38-48-41-1146,1802,0.90055
39-41-1146,1649,0.824088
48-1146,881,0.44028
48-39-1146,2034,1.016492
39-1146,1164,0.581709
1291,11,0.005497
1291-39,1164,0.581709
1404,11,0.005497
48-1404,881,0.44028
1481,11,0.005497
32-1481,302,0.150925
32-39-1481,1455,0.727136
1481-41,496,0.247876
39-1481-41,1649,0.824088
38-1481,447,0.223388
38-39-1481,1600,0.7996
48-1481,881,0.44028
48-39-1481,2034,1.016492
39-1481,1164,0.581709
1552,11,0.005497
1552-41,496,0.247876
38-1552,447,0.223388
38-48-1552,1317,0.658171
39-1552,1164,0.581709
48-1552,881,0.44028
1704,11,0.005497
1704-41,496,0.247876
1704-39-41,1649,0.824088
1704-48,881,0.44028
1704-39,1164,0.581709
1765,11,0.005497
32-1765,302,0.150925
1233-1765,36,0.017991
39-1765,1164,0.581709
1956,11,0.005497
1956-39,1164,0.581709
1956-48-39,2034,1.016492
1956-48,881,0.44028
2374,11,0.005497
2374-48,881,0.44028
2374-48-39,2034,1.016492
2374-39,1164,0.581709
2714,11,0.005497
2714-48,881,0.44028
2714-39,1164,0.581709
2793,11,0.005497
38-2793,447,0.223388
38-48-2793,1317,0.658171
604-2793,60,0.029985
39-604-2793,1213,0.606197
41-2793,496,0.247876
604-41-2793,545,0.272364
39-41-2793,1649,0.824088
48-2793,881,0.44028
48-41-2793,1366,0.682659
48-604-2793,930,0.464768
48-39-2793,2034,1.016492
39-2793,1164,0.581709
3195,11,0.005497
39-3195,1164,0.581709
3195-32,302,0.150925
3840,11,0.005497
48-3840,881,0.44028
48-3840-1715,918,0.458771
39-3840,1164,0.581709
39-3840-1715,1201,0.6002
3840-1715,48,0.023988
15,12,0.005997
38-15,448,0.223888
15-48,882,0.44078
15-41,497,0.248376
15-39-41,1650,0.824588
15-39,1165,0.582209
56,12,0.005997
48-56,882,0.44078
48-39-56,2035,1.016992
38-48-39-56,2471,1.234883
38-48-56,1318,0.658671
39-56,1165,0.582209
38-39-56,1601,0.8001
38-56,448,0.223888
178,12,0.005997
178-32,303,0.151424
178-41,497,0.248376
48-178,882,0.44078
48-178-39,2035,1.016992
38-178,448,0.223888
38-39-178,1601,0.8001
39-178,1165,0.582209
379,12,0.005997
48-379,882,0.44078
48-379-39,2035,1.016992
48-379-39-41,2520,1.25937
48-379-41,1367,0.683158
379-41,497,0.248376
39-379-41,1650,0.824588
39-379,1165,0.582209
402,12,0.005997
41-402,497,0.248376
39-41-402,1650,0.824588
48-402,882,0.44078
48-39-402,2035,1.016992
39-402,1165,0.582209
449,12,0.005997
38-449,448,0.223888
449-39,1165,0.582209
48-449-39,2035,1.016992
449-48,882,0.44078
488,12,0.005997
488-48,882,0.44078
488-41,497,0.248376
488-39,1165,0.582209
504,12,0.005997
504-41,497,0.248376
38-504-41,933,0.466267
48-504,882,0.44078
38-48-504,1318,0.658671
39-504,1165,0.582209
38-39-504,1601,0.8001
38-504,448,0.223888
511,12,0.005997
511-32,303,0.151424
48-511,882,0.44078
39-511,1165,0.582209
1051,12,0.005997
39-1051,1165,0.582209
48-39-1051,2035,1.016992
48-1051,882,0.44078
1425,12,0.005997
48-1425,882,0.44078
48-1425-41,1367,0.683158
48-1425-39,2035,1.016992
1425-41,497,0.248376
39-1425-41,1650,0.824588
39-1425,1165,0.582209
1593,12,0.005997
38-1593,448,0.223888
38-39-1593,1601,0.8001
41-1593,497,0.248376
39-41-1593,1650,0.824588
32-1593,303,0.151424
39-32-1593,1456,0.727636
48-1593,882,0.44078
48-39-1593,2035,1.016992
39-1593,1165,0.582209
1867,12,0.005997
48-1867,882,0.44078
39-1867,1165,0.582209
2187,12,0.005997
48-2187,882,0.44078
48-39-2187,2035,1.016992
39-2187,1165,0.582209
2344,12,0.005997
2344-38,448,0.223888
2344-39-38,1601,0.8001
2344-41,497,0.248376
2344-39-41,1650,0.824588
2344-48,882,0.44078
2344-48-39,2035,1.016992
2344-39,1165,0.582209
2749,12,0.005997
38-2749,448,0.223888
48-2749,882,0.44078
39-2749,1165,0.582209
3270,12,0.005997
39-3270,1165,0.582209
48-39-3270,2035,1.016992
48-3270,882,0.44078
3411,12,0.005997
3411-39,1165,0.582209
3411-48-39,2035,1.016992
3411-48,882,0.44078
18,13,0.006497
38-18,449,0.224388
18-41,498,0.248876
18-32,304,0.151924
48-18,883,0.441279
39-18,1166,0.582709
66,13,0.006497
39-66,1166,0.582709
48-39-66,2036,1.017491
48-66,883,0.441279
68,13,0.006497
48-68,883,0.441279
68-39,1166,0.582709
48-68-39,2036,1.017491
78,13,0.006497
48-78,883,0.441279
48-78-39,2036,1.017491
39-78,1166,0.582709
150,13,0.006497
38-150,449,0.224388
38-39-150,1602,0.8006
38-48-150,1319,0.65917
39-150,1166,0.582709
48-39-150,2036,1.017491
48-150,883,0.441279
272,13,0.006497
272-41,498,0.248876
39-272-41,1651,0.825087
272-589,48,0.023988
48-272,883,0.441279
48-39-272,2036,1.017491
39-272,1166,0.582709
281,13,0.006497
48-281,883,0.441279
48-39-281,2036,1.017491
38-48-39-281,2472,1.235382
38-48-281,1319,0.65917
39-281,1166,0.582709
38-39-281,1602,0.8006
38-281,449,0.224388
861,13,0.006497
861-41,498,0.248876
861-48,883,0.441279
916,13,0.006497
916-48,883,0.441279
916-39,1166,0.582709
979,13,0.006497
38-979,449,0.224388
979-48,883,0.441279
979-39,1166,0.582709
1135,13,0.006497
1135-32,304,0.151924
1135-48-32,1174,0.586707
1135-39-32,1457,0.728136
48-1135-39-32,2327,1.162919
1135-41,498,0.248876
1135-48-41,1368,0.683658
1135-48-39-41,2521,1.25987
1135-39-41,1651,0.825087
1135-48,883,0.441279
1135-48-39,2036,1.017491
1135-39,1166,0.582709
1249,13,0.006497
1249-41,498,0.248876
1249-117,45,0.022489
48-1249-117,915,0.457271
48-1249-39-117,2068,1.033483
39-1249-117,1198,0.598701
976-1249,42,0.02099
976-39-1249,1195,0.597201
48-1249,883,0.441279
48-1249-39,2036,1.017491
39-1249,1166,0.582709
1372,13,0.006497
1372-41,498,0.248876
48-1372-41,1368,0.683658
39-1372-41,1651,0.825087
94-1372,37,0.018491
39-94-1372,1190,0.594703
48-1372,883,0.441279
48-39-1372,2036,1.017491
39-1372,1166,0.582709
1435,13,0.006497
48-1435,883,0.441279
48-1435-39,2036,1.017491
39-1435,1166,0.582709
1796,13,0.006497
1796-94,37,0.018491
39-1796-94,1190,0.594703
48-1796,883,0.441279
48-1796-39,2036,1.017491
39-1796,1166,0.582709
1814,13,0.006497
1814-189,37,0.018491
48-1814-189,907,0.453273
39-1814,1166,0.582709
48-39-1814,2036,1.017491
48-1814,883,0.441279
1853,13,0.006497
48-1853,883,0.441279
48-1853-39,2036,1.017491
1853-41,498,0.248876
39-1853-41,1651,0.825087
39-1853,1166,0.582709
2225,13,0.006497
38-2225,449,0.224388
48-2225,883,0.441279
39-2225,1166,0.582709
2238,13,0.006497
2238-32,304,0.151924
2238-32-41,789,0.394303
38-2238,449,0.224388
2238-48,883,0.441279
2238-48-41,1368,0.683658
2238-48-39,2036,1.017491
2238-48-39-41,2521,1.25987
2238-41,498,0.248876
2238-39-41,1651,0.825087
2238-39,1166,0.582709
2958,13,0.006497
38-2958,449,0.224388
38-39-2958,1602,0.8006
39-2958,1166,0.582709
48-39-2958,2036,1.017491
48-2958,883,0.441279
3347,13,0.006497
48-3347,883,0.441279
39-3347,1166,0.582709
48-39-3347,2036,1.017491
47,14,0.006997
47-41,499,0.249375
38-47-41,935,0.467266
47-32,305,0.152424
48-47-32,1175,0.587206
38-48-47-32,1611,0.805097
48-47-32-39,2328,1.163418
38-47-32-48-39,2764,1.381309
39-47-32,1458,0.728636
38-47-32,741,0.370315
38-39-47-32,1894,0.946527
39-47,1167,0.583208
48-39-47,2037,1.017991
38-48-39-47,2473,1.235882
38-39-47,1603,0.801099
48-47,884,0.441779
38-48-47,1320,0.65967
38-47,450,0.224888
195,14,0.006997
195-41,499,0.249375
195-39-41,1652,0.825587
195-48,884,0.441779
195-48-39,2037,1.017991
195-39,1167,0.583208
365,14,0.006997
48-365,884,0.441779
365-39,1167,0.583208
48-365-39,2037,1.017991
433,14,0.006997
38-433,450,0.224888
48-433,884,0.441779
39-433,1167,0.583208
41-433,499,0.249375
464,14,0.006997
38-464,450,0.224888
48-464,884,0.441779
464-41,499,0.249375
39-464-41,1652,0.825587
39-464,1167,0.583208
476,14,0.006997
476-41,499,0.249375
476-39-41,1652,0.825587
476-38,450,0.224888
476-48,884,0.441779
476-48-39,2037,1.017991
476-39,1167,0.583208
606,14,0.006997
38-606,450,0.224888
606-41,499,0.249375
39-606-41,1652,0.825587
48-606,884,0.441779
48-606-39,2037,1.017991
39-606,1167,0.583208
612,14,0.006997
76-612,31,0.015492
612-39,1167,0.583208
694,14,0.006997
38-694,450,0.224888
38-39-694,1603,0.801099
48-694,884,0.441779
48-694-41,1369,0.684158
48-694-39-41,2522,1.26037
48-694-39,2037,1.017991
694-41,499,0.249375
39-694-41,1652,0.825587
39-694,1167,0.583208
812,14,0.006997
32-812,305,0.152424
32-39-812,1458,0.728636
39-812,1167,0.583208
48-39-812,2037,1.017991
48-812,884,0.441779
1349,14,0.006997
1349-41,499,0.249375
1349-39,1167,0.583208
48-1349-39,2037,1.017991
48-1349,884,0.441779
1600,14,0.006997
38-1600,450,0.224888
48-1600,884,0.441779
48-1600-41,1369,0.684158
1600-32,305,0.152424
1600-41,499,0.249375
39-1600,1167,0.583208
31,15,0.007496
32-31,306,0.152924
31-41,500,0.249875
39-31-41,1653,0.826087
48-31,885,0.442279
39-31,1168,0.583708
107,15,0.007496
548-107,39,0.01949
548-39-107,1192,0.595702
107-41,500,0.249875
39-107-41,1653,0.826087
48-39-107-41,2523,1.26087
48-107-41,1370,0.684658
48-107,885,0.442279
48-107-39,2038,1.018491
39-107,1168,0.583708
186,15,0.007496
186-32,306,0.152924
186-48-32,1176,0.587706
186-41,500,0.249875
186-39-41,1653,0.826087
186-48,885,0.442279
186-48-39,2038,1.018491
186-39,1168,0.583708
208,15,0.007496
48-208,885,0.442279
39-208,1168,0.583708
390,15,0.007496
48-390,885,0.442279
48-390-41,1370,0.684658
48-39-390-41,2523,1.26087
38-48-390-41,1806,0.902549
390-41-38-48-39,2959,1.478761
48-39-390,2038,1.018491
38-48-39-390,2474,1.236382
38-48-390,1321,0.66017
390-41,500,0.249875
38-390-41,936,0.467766
39-390,1168,0.583708
39-390-41,1653,0.826087
38-39-390-41,2089,1.043978
38-39-390,1604,0.801599
38-390,451,0.225387
408,15,0.007496
408-41,500,0.249875
408-39-41,1653,0.826087
48-408-41,1370,0.684658
408-39,1168,0.583708
48-408-39,2038,1.018491
48-408,885,0.442279
550,15,0.007496
550-976,44,0.021989
550-976-117,76,0.037981
550-117,47,0.023488
550-39-117,1200,0.5997
48-550,885,0.442279
550-39,1168,0.583708
48-550-39,2038,1.018491
571,15,0.007496
38-571,451,0.225387
571-41,500,0.249875
39-571-41,1653,0.826087
48-571,885,0.442279
48-39-571,2038,1.018491
39-571,1168,0.583708
772,15,0.007496
772-48,885,0.442279
772-48-39,2038,1.018491
772-39,1168,0.583708
1013,15,0.007496
1013-41,500,0.249875
39-1013-41,1653,0.826087
1013-32,306,0.152924
39-1013-32,1459,0.729135
48-1013,885,0.442279
48-1013-39,2038,1.018491
39-1013,1168,0.583708
1144,15,0.007496
249-1144,44,0.021989
38-1144,451,0.225387
38-48-1144,1321,0.66017
39-1144,1168,0.583708
48-39-1144,2038,1.018491
1144-41,500,0.249875
48-1144-41,1370,0.684658
48-1144,885,0.442279
1578,15,0.007496
1578-41,500,0.249875
48-1578-41,1370,0.684658
48-39-1578-41,2523,1.26087
39-1578-41,1653,0.826087
48-1578,885,0.442279
48-39-1578,2038,1.018491
39-1578,1168,0.583708
3966,15,0.007496
3966-41,500,0.249875
39-3966-41,1653,0.826087
48-3966,885,0.442279
48-3966-39,2038,1.018491
39-3966,1168,0.583708
246,16,0.007996
246-41,501,0.250375
39-246-41,1654,0.826587
48-39-246-41,2524,1.261369
48-246-41,1371,0.685157
48-246,886,0.442779
39-246,1169,0.584208
48-39-246,2039,1.018991
259,16,0.007996
38-259,452,0.225887
48-259,886,0.442779
48-259-39,2039,1.018991
259-41,501,0.250375
39-259-41,1654,0.826587
39-259,1169,0.584208
260,16,0.007996
260-89,91,0.045477
260-41,501,0.250375
260-39-41,1654,0.826587
260-48,886,0.442779
260-48-39,2039,1.018991
260-39,1169,0.584208
359,16,0.007996
39-359,1169,0.584208
48-39-359,2039,1.018991
48-359,886,0.442779
420,16,0.007996
48-420,886,0.442779
420-41,501,0.250375
39-420,1169,0.584208
535,16,0.007996
38-535,452,0.225887
535-41,501,0.250375
39-535-41,1654,0.826587
48-535,886,0.442779
48-535-39,2039,1.018991
39-535,1169,0.584208
703,16,0.007996
703-39,1169,0.584208
48-703-39,2039,1.018991
48-703,886,0.442779
751,16,0.007996
751-170,110,0.054973
751-170-38,546,0.272864
751-39-170,1263,0.631184
751-39-170-38,1699,0.849075
751-38,452,0.225887
751-48-38,1322,0.66067
751-48-38-39,2475,1.236882
751-39-38,1605,0.802099
751-41,501,0.250375
751-48-41,1371,0.685157
751-48-39-41,2524,1.261369
751-39-41,1654,0.826587
751-48,886,0.442779
751-48-39,2039,1.018991
751-39,1169,0.584208
885,16,0.007996
38-885,452,0.225887
885-41,501,0.250375
39-885-41,1654,0.826587
885-441,38,0.018991
48-885,886,0.442779
48-39-885,2039,1.018991
39-885,1169,0.584208
956,16,0.007996
38-956,452,0.225887
38-956-39,1605,0.802099
38-956-41,937,0.468266
956-48,886,0.442779
956-48-39,2039,1.018991
956-48-39-41,2524,1.261369
956-48-41,1371,0.685157
956-41,501,0.250375
956-39,1169,0.584208
956-39-41,1654,0.826587
1214,16,0.007996
1214-41,501,0.250375
38-1214-41,937,0.468266
846-1214,35,0.017491
32-1214,307,0.153423
38-1214,452,0.225887
48-1214,886,0.442779
48-39-1214,2039,1.018991
39-1214,1169,0.584208
1938,16,0.007996
1938-32,307,0.153423
38-1938-32,743,0.371314
38-1938,452,0.225887
38-39-1938,1605,0.802099
38-1938-41,937,0.468266
1938-41,501,0.250375
39-1938-41,1654,0.826587
48-1938,886,0.442779
48-1938-39,2039,1.018991
39-1938,1169,0.584208
11,17,0.008496
11-475,65,0.032484
11-475-41,550,0.274863
11-39-475,1218,0.608696
11-39-475-41,1703,0.851074
11-41,502,0.250875
11-48-41,1372,0.685657
11-48-39-41,2525,1.261869
11-39-41,1655,0.827086
11-48,887,0.443278
11-48-39,2040,1.01949
11-39,1170,0.584708
23,17,0.008496
604-23,66,0.032984
23-41,502,0.250875
48-23-41,1372,0.685657
48-23-39-41,2525,1.261869
39-23-41,1655,0.827086
48-23,887,0.443278
48-23-39,2040,1.01949
39-23,1170,0.584708
45,17,0.008496
38-45,453,0.226387
38-45-39,1606,0.802599
45-41,502,0.250875
45-48-41,1372,0.685657
45-39-41,1655,0.827086
45-48,887,0.443278
45-48-39,2040,1.01949
45-39,1170,0.584708
55,17,0.008496
55-41,502,0.250875
39-55-41,1655,0.827086
38-39-55-41,2091,1.044978
38-55-41,938,0.468766
48-55,887,0.443278
48-55-39,2040,1.01949
38-48-55-39,2476,1.237381
38-48-55,1323,0.661169
39-55,1170,0.584708
38-39-55,1606,0.802599
38-55,453,0.226387
76,17,0.008496
76-38,453,0.226387
76-41,502,0.250875
76-48-41,1372,0.685657
76-39-41,1655,0.827086
76-48,887,0.443278
76-48-39,2040,1.01949
76-39,1170,0.584708
242,17,0.008496
242-48,887,0.443278
242-48-39,2040,1.01949
242-39,1170,0.584708
269,17,0.008496
269-41,502,0.250875
39-269-41,1655,0.827086
48-39-269-41,2525,1.261869
48-269-41,1372,0.685657
48-269,887,0.443278
48-269-39,2040,1.01949
39-269,1170,0.584708
549,17,0.008496
237-549,73,0.036482
48-549,887,0.443278
48-549-39,2040,1.01949
39-549,1170,0.584708
1859,17,0.008496
1859-41,502,0.250875
1859-39-41,1655,0.827086
1859-48-41,1372,0.685657
1859-48-39-41,2525,1.261869
1859-352,45,0.022489
1859-39-352,1198,0.598701
1859-48-352,915,0.457271
1859-39,1170,0.584708
1859-48-39,2040,1.01949
1859-48,887,0.443278
19,18,0.008996
19-32,309,0.154423
19-9,45,0.022489
19-48,888,0.443778
19-48-39,2041,1.01999
19-39,1171,0.585207
156,18,0.008996
156-41,503,0.251374
39-156-41,1656,0.827586
38-156,454,0.226887
38-39-156,1607,0.803098
48-156,888,0.443778
48-156-39,2041,1.01999
39-156,1171,0.585207
264,18,0.008996
264-41,503,0.251374
264-39-41,1656,0.827586
264-48,888,0.443778
264-48-39,2041,1.01999
264-39,1171,0.585207
681,18,0.008996
38-681,454,0.226887
681-41,503,0.251374
681-48-41,1373,0.686157
681-48-39-41,2526,1.262369
681-39-41,1656,0.827586
681-48,888,0.443778
681-48-39,2041,1.01999
681-39,1171,0.585207
789,18,0.008996
789-41,503,0.251374
789-39-41,1656,0.827586
48-789-41,1373,0.686157
789-39,1171,0.585207
48-789-39,2041,1.01999
48-789,888,0.443778
856,18,0.008996
856-41,503,0.251374
39-856,1171,0.585207
48-39-856,2041,1.01999
48-856,888,0.443778
3735,18,0.008996
3735-32,309,0.154423
48-3735,888,0.443778
39-3735,1171,0.585207
39-3735-2990,1194,0.596702
3735-2990,41,0.02049
374,19,0.009495
38-374,455,0.227386
38-39-374,1608,0.803598
101-374,65,0.032484
310-374,75,0.037481
32-374,310,0.154923
48-32-374,1180,0.589705
39-32-374,1463,0.731134
48-39-32-374,2333,1.165917
41-374,504,0.251874
39-41-374,1657,0.828086
48-374,889,0.444278
48-39-374,2042,1.02049
39-374,1172,0.585707
413,19,0.009495
413-41,504,0.251874
413-48,889,0.444278
413-39,1172,0.585707
846,19,0.009495
846-32,310,0.154923
846-41,504,0.251874
846-48,889,0.444278
846-39,1172,0.585707
1344,19,0.009495
1344-32,310,0.154923
39-1344-32,1463,0.731134
48-39-1344-32,2333,1.165917
48-1344-32,1180,0.589705
38-1344,455,0.227386
1344-41,504,0.251874
48-1344-41,1374,0.686657
48-1344-39-41,2527,1.262869
39-1344-41,1657,0.828086
48-1344,889,0.444278
39-1344,1172,0.585707
48-39-1344,2042,1.02049
2633,19,0.009495
2633-41,504,0.251874
39-2633-41,1657,0.828086
48-2633-41,1374,0.686657
48-39-2633-41,2527,1.262869
39-2633,1172,0.585707
48-39-2633,2042,1.02049
48-2633,889,0.444278
105,20,0.009995
105-41,505,0.252374
48-105-41,1375,0.687156
38-48-105-41,1811,0.905047
48-105-39-41,2528,1.263368
41-38-105-48-39,2964,1.481259
38-105-41,941,0.470265
38-39-105-41,2094,1.046477
39-105-41,1658,0.828586
48-105,890,0.444778
48-105-39,2043,1.02099
38-48-105-39,2479,1.238881
38-48-105,1326,0.662669
39-105,1173,0.586207
38-39-105,1609,0.804098
38-105,456,0.227886
334,20,0.009995
41-334,505,0.252374
39-41-334,1658,0.828586
740-334,52,0.025987
48-740-334,922,0.46077
48-740-39-334,2075,1.036982
39-740-334,1205,0.602199
38-334,456,0.227886
38-48-334,1326,0.662669
38-39-334,1609,0.804098
48-334,890,0.444778
48-39-334,2043,1.02099
39-334,1173,0.586207
349,20,0.009995
349-41,505,0.252374
39-349-41,1658,0.828586
349-32,311,0.155422
39-349-32,1464,0.731634
48-349,890,0.444778
48-349-32,1181,0.590205
48-349-39,2043,1.02099
39-349,1173,0.586207
479,20,0.009995
479-48,890,0.444778
479-48-39,2043,1.02099
479-39,1173,0.586207
809,20,0.009995
809-441,42,0.02099
38-809,456,0.227886
38-809-41,941,0.470265
38-39-809,1609,0.804098
38-39-809-41,2094,1.046477
809-41,505,0.252374
48-809-41,1375,0.687156
48-809-39-41,2528,1.263368
39-809-41,1658,0.828586
48-809,890,0.444778
39-809,1173,0.586207
48-39-809,2043,1.02099
1004,20,0.009995
1327-1004,115,0.057471
41-1004,505,0.252374
39-41-1004,1658,0.828586
48-39-41-1004,2528,1.263368
48-41-1004,1375,0.687156
48-1004,890,0.444778
48-39-1004,2043,1.02099
39-1004,1173,0.586207
95,21,0.010495
38-95,457,0.228386
38-95-39,1610,0.804598
95-41,506,0.252874
95-39-41,1659,0.829085
48-95,891,0.445277
48-95-39,2044,1.021489
95-39,1174,0.586707
155,21,0.010495
155-41,506,0.252874
48-155-41,1376,0.687656
48-155-39-41,2529,1.263868
155-39-41,1659,0.829085
38-155,457,0.228386
38-48-155,1327,0.663168
38-155-39,1610,0.804598
155-589,56,0.027986
155-39-589,1209,0.604198
48-155-39-589,2079,1.038981
48-155-589,926,0.462769
48-155,891,0.445277
48-155-39,2044,1.021489
155-39,1174,0.586707
185,21,0.010495
185-32,312,0.155922
185-41,506,0.252874
39-185-41,1659,0.829085
48-185-41,1376,0.687656
48-185,891,0.445277
48-185-39,2044,1.021489
39-185,1174,0.586707
201,22,0.010995
38-201,458,0.228886
201-65,87,0.043478
201-41,507,0.253373
39-201,1175,0.587206
48-39-201,2045,1.021989
48-201,892,0.445777
270,22,0.010995
38-270,458,0.228886
38-39-270,1611,0.805097
32-270,313,0.156422
32-48-270,1183,0.591204
32-270-41,798,0.398801
32-48-270-41,1668,0.833583
32-39-270,1466,0.732634
32-48-39-270,2336,1.167416
41-32-48-39-270,2821,1.409795
32-39-270-41,1951,0.975012
270-41,507,0.253373
39-270-41,1660,0.829585
48-270,892,0.445777
48-39-270,2045,1.021989
48-39-270-41,2530,1.264368
48-270-41,1377,0.688156
39-270,1175,0.587206
441,22,0.010995
38-441,458,0.228886
38-48-441,1328,0.663668
38-41-441,943,0.471264
38-39-441,1611,0.805097
38-39-41-441,2096,1.047476
41-441,507,0.253373
48-41-441,1377,0.688156
48-41-39-441,2530,1.264368
39-41-441,1660,0.829585
48-441,892,0.445777
48-39-441,2045,1.021989
39-441,1175,0.587206
338,23,0.011494
38-338,459,0.229385
65-338,88,0.043978
41-338,508,0.253873
48-41-338,1378,0.688656
39-338,1176,0.587706
48-39-338,2046,1.022489
48-338,893,0.446277
340,23,0.011494
101-340,69,0.034483
533-340,48,0.023988
38-340,459,0.229385
38-340-41,944,0.471764
32-340,314,0.156922
32-340-41,799,0.3993
340-41,508,0.253873
39-340-41,1661,0.830085
48-340,893,0.446277
48-340-41,1378,0.688656
48-39-340-41,2531,1.264868
48-39-340,2046,1.022489
39-340,1176,0.587706
381,23,0.011494
381-32,314,0.156922
381-38,459,0.229385
381-48-38,1329,0.664168
381-39,1176,0.587706
381-48-39,2046,1.022489
381-48,893,0.446277
1659,23,0.011494
48-1659,893,0.446277
48-39-1659,2046,1.022489
39-1659,1176,0.587706
2990,23,0.011494
1327-2990,118,0.058971
38-2990,459,0.229385
41-2990,508,0.253873
39-41-2990,1661,0.830085
32-2990,314,0.156922
39-2990,1176,0.587706
48-39-2990,2046,1.022489
48-2990,893,0.446277
94,24,0.011994
1715-94,61,0.030485
94-32,315,0.157421
39-94-32,1468,0.733633
1233-94,49,0.024488
94-41,509,0.254373
48-94-41,1379,0.689155
48-94-39-41,2532,1.265367
39-94-41,1662,0.830585
48-94,894,0.446777
48-94-39,2047,1.022989
39-94,1177,0.588206
161,24,0.011994
161-604,73,0.036482
161-48,894,0.446777
161-48-39,2047,1.022989
161-41,509,0.254373
161-38-41,945,0.472264
161-39-41,1662,0.830585
161-38,460,0.229885
161-39-38,1613,0.806097
161-39,1177,0.588206
189,24,0.011994
38-189,460,0.229885
41-189,509,0.254373
39-41-189,1662,0.830585
32-189,315,0.157421
48-189,894,0.446777
48-39-189,2047,1.022989
39-189,1177,0.588206
548,24,0.011994
548-32,315,0.157421
548-38-32,751,0.375312
548-39-32,1468,0.733633
548-38,460,0.229885
548-38-41,945,0.472264
548-39-38-41,2098,1.048476
548-48-38,1330,0.664668
548-48-38-39,2483,1.24088
548-39-38,1613,0.806097
548-41,509,0.254373
548-48-41,1379,0.689155
548-48-39-41,2532,1.265367
548-39-41,1662,0.830585
548-48,894,0.446777
548-48-39,2047,1.022989
548-39,1177,0.588206
783,24,0.011994
783-1121,60,0.029985
783-41,509,0.254373
783-39-41,1662,0.830585
48-783-39-41,2532,1.265367
48-783-41,1379,0.689155
48-783,894,0.446777
48-783-39,2047,1.022989
783-39,1177,0.588206
1393,24,0.011994
1393-32,315,0.157421
1393-39-32,1468,0.733633
1393-41,509,0.254373
1393-48-41,1379,0.689155
38-1393,460,0.229885
38-1393-39,1613,0.806097
1393-48,894,0.446777
1393-48-39,2047,1.022989
1393-39,1177,0.588206
301,25,0.012494
301-41,510,0.254873
301-39-41,1663,0.831084
301-32,316,0.157921
301-39-32,1469,0.734133
48-301,895,0.447276
48-301-39,2048,1.023488
301-39,1178,0.588706
371,25,0.012494
32-371,316,0.157921
39-32-371,1469,0.734133
48-39-32-371,2339,1.168916
38-39-32-371,1905,0.952024
371-38-32-48-39,2775,1.386807
48-32-371,1186,0.592704
38-48-32-371,1622,0.810595
38-32-371,752,0.375812
48-371,895,0.447276
48-39-371,2048,1.023488
38-48-39-371,2484,1.241379
38-48-371,1331,0.665167
39-371,1178,0.588706
38-39-371,1614,0.806597
38-371,461,0.230385
533,25,0.012494
533-1327,120,0.05997
533-101,71,0.035482
39-533-101,1224,0.611694
38-533,461,0.230385
38-533-41,946,0.472764
38-48-533-41,1816,0.907546
38-39-533,1614,0.806597
38-39-533-41,2099,1.048976
41-38-533-48-39,2969,1.483758
38-48-39-533,2484,1.241379
38-48-533,1331,0.665167
533-32,316,0.157921
533-32-41,801,0.4003
48-533-32,1186,0.592704
48-533-39-32,2339,1.168916
39-533-32,1469,0.734133
533-41,510,0.254873
39-533-41,1663,0.831084
48-39-533-41,2533,1.265867
48-533-41,1380,0.689655
39-533,1178,0.588706
48-39-533,2048,1.023488
48-533,895,0.447276
1233,25,0.012494
1233-38,461,0.230385
1233-48-38,1331,0.665167
1233-39-38,1614,0.806597
1233-48-39-38,2484,1.241379
1233-89,100,0.049975
1233-39-89,1253,0.626187
1233-32,316,0.157921
1233-41,510,0.254873
1233-48-41,1380,0.689655
1233-48-39-41,2533,1.265867
1233-39-41,1663,0.831084
1233-48,895,0.447276
1233-48-39,2048,1.023488
1233-39,1178,0.588706
79,26,0.012994
79-32,317,0.158421
39-79-32,1470,0.734633
38-79,462,0.230885
38-79-41,947,0.473263
38-39-79-41,2100,1.049475
38-48-79,1332,0.665667
38-48-79-41,1817,0.908046
38-48-79-39,2485,1.241879
41-38-79-48-39,2970,1.484258
38-39-79,1615,0.807096
79-41,511,0.255372
48-79-41,1381,0.690155
48-79-39-41,2534,1.266367
39-79-41,1664,0.831584
48-79,896,0.447776
48-79-39,2049,1.023988
39-79,1179,0.589205
570,26,0.012994
570-32,317,0.158421
570-41,511,0.255372
570-48-41,1381,0.690155
570-48-39-41,2534,1.266367
570-39-41,1664,0.831584
38-570,462,0.230885
38-570-48,1332,0.665667
38-570-39,1615,0.807096
570-48,896,0.447776
570-48-39,2049,1.023988
570-39,1179,0.589205
9,27,0.013493
9-310,83,0.041479
9-41,512,0.255872
9-39-41,1665,0.832084
9-39,1180,0.589705
48-9-39,2050,1.024488
9-48,897,0.448276
49,27,0.013493
38-49,463,0.231384
38-39-49,1616,0.807596
38-48-49,1333,0.666167
38-48-39-49,2486,1.242379
39-49,1180,0.589705
48-39-49,2050,1.024488
48-49,897,0.448276
286,27,0.013493
32-286,318,0.158921
32-38-286,754,0.376812
286-41,512,0.255872
48-286-41,1382,0.690655
38-48-286-41,1818,0.908546
39-286-41,1665,0.832084
38-39-286-41,2101,1.049975
38-286-41,948,0.473763
48-286,897,0.448276
48-39-286,2050,1.024488
38-48-39-286,2486,1.242379
38-48-286,1333,0.666167
39-286,1180,0.589705
38-39-286,1616,0.807596
38-286,463,0.231384
179,28,0.013993
179-32,319,0.15942
39-179-32,1472,0.735632
48-179-32,1189,0.594203
38-179,464,0.231884
38-39-179,1617,0.808096
1327-179,123,0.061469
179-41,513,0.256372
48-179-41,1383,0.691154
147-179,64,0.031984
48-147-179,934,0.466767
39-179,1181,0.590205
48-39-179,2051,1.024988
48-179,898,0.448776
352,28,0.013993
32-352,319,0.15942
48-32-352,1189,0.594203
41-352,513,0.256372
48-41-352,1383,0.691154
48-41-39-352,2536,1.267366
39-41-352,1666,0.832584
39-352,1181,0.590205
48-39-352,2051,1.024988
48-352,898,0.448776
123,29,0.014493
123-38,465,0.232384
123-475,77,0.038481
123-1327,124,0.061969
123-39-1327,1277,0.638181
123-255,81,0.04048
123-32,320,0.15992
123-39,1182,0.590705
123-48-39,2052,1.025487
123-48,899,0.449275
249,29,0.014493
36-249,111,0.055472
38-36-249,547,0.273363
249-41,514,0.256872
38-249-41,950,0.474763
48-249-41,1384,0.691654
48-39-249-41,2537,1.267866
39-249-41,1667,0.833083
38-249,465,0.232384
38-48-249,1335,0.667166
38-48-39-249,2488,1.243378
38-39-249,1618,0.808596
48-249,899,0.449275
48-39-249,2052,1.025487
39-249,1182,0.590705
664,29,0.014493
38-664,465,0.232384
38-32-664,756,0.377811
38-39-32-664,1909,0.954023
38-48-664,1335,0.667166
38-48-39-664,2488,1.243378
38-39-664,1618,0.808596
664-41,514,0.256872
32-664-41,805,0.402299
39-664-41,1667,0.833083
32-664,320,0.15992
32-48-664,1190,0.594703
32-48-39-664,2343,1.170915
32-39-664,1473,0.736132
48-664,899,0.449275
48-39-664,2052,1.025487
39-664,1182,0.590705
855,29,0.014493
855-664,58,0.028986
855-110,109,0.054473
38-855-110,545,0.272364
855-32,320,0.15992
48-855-32,1190,0.594703
855-32-41,805,0.402299
855-39-32,1473,0.736132
855-39-32-41,1958,0.978511
38-855,465,0.232384
38-855-41,950,0.474763
38-855-39,1618,0.808596
38-48-855-39,2488,1.243378
38-48-855,1335,0.667166
48-855,899,0.449275
48-855-41,1384,0.691654
48-855-39-41,2537,1.267866
48-855-39,2052,1.025487
855-41,514,0.256872
855-39-41,1667,0.833083
855-39,1182,0.590705
976,29,0.014493
976-32,320,0.15992
976-41,514,0.256872
976-117-41,546,0.272864
39-976-41,1667,0.833083
38-976,465,0.232384
38-39-976,1618,0.808596
48-976,899,0.449275
48-976-117,931,0.465267
48-976-39-117,2084,1.041479
48-976-39,2052,1.025487
39-976,1182,0.590705
39-976-117,1214,0.606697
976-117,61,0.030485
37,30,0.014993
37-41,515,0.257371
37-48-41,1385,0.692154
37-48-39-41,2538,1.268366
41-38-37-48-39,2974,1.486257
38-37-48-41,1821,0.910045
37-39-41,1668,0.833583
38-37-39-41,2104,1.051474
38-37-41,951,0.475262
37-48,900,0.449775
37-48-39,2053,1.025987
38-37-48-39,2489,1.243878
38-37-48,1336,0.667666
37-39,1183,0.591204
38-37-39,1619,0.809095
38-37,466,0.232884
271,30,0.014993
38-271,466,0.232884
38-271-41,951,0.475262
38-271-39,1619,0.809095
271-48,900,0.449775
271-48-41,1385,0.692154
271-48-39,2053,1.025987
271-32,321,0.16042
271-32-41,806,0.402799
271-39-32,1474,0.736632
271-39-32-41,1959,0.97901
271-41,515,0.257371
271-39-41,1668,0.833583
271-39,1183,0.591204
592,30,0.014993
592-89,105,0.052474
39-592-89,1258,0.628686
38-592,466,0.232884
592-32,321,0.16042
48-592-32,1191,0.595202
39-592-32,1474,0.736632
48-39-592-32,2344,1.171414
592-41,515,0.257371
48-592-41,1385,0.692154
39-592-41,1668,0.833583
48-39-592-41,2538,1.268366
48-592,900,0.449775
48-592-39,2053,1.025987
39-592,1183,0.591204
677,30,0.014993
38-677,466,0.232884
677-32,321,0.16042
677-32-41,806,0.402799
48-677-32-41,1676,0.837581
48-677-32,1191,0.595202
677-41,515,0.257371
48-677-41,1385,0.692154
48-677-39-41,2538,1.268366
677-39-41,1668,0.833583
48-677,900,0.449775
48-677-39,2053,1.025987
677-39,1183,0.591204
117,32,0.015992
41-117,517,0.258371
38-117,468,0.233883
39-117,1185,0.592204
48-39-117,2055,1.026987
48-117,902,0.450775
740,32,0.015992
740-36,114,0.056972
38-740-36,550,0.274863
740-32,323,0.161419
170-740,126,0.062969
170-39-740,1279,0.63918
170-39-740-38,1715,0.857071
170-740-38,562,0.28086
740-41,517,0.258371
48-740-41,1387,0.693153
48-740-39-41,2540,1.269365
38-740-41,953,0.476262
38-39-740-41,2106,1.052474
39-740-41,1670,0.834583
38-740,468,0.233883
38-39-740,1621,0.810095
48-740,902,0.450775
38-48-740,1338,0.668666
38-48-740-39,2491,1.244878
48-740-39,2055,1.026987
39-740,1185,0.592204
749,32,0.015992
60-749,85,0.042479
39-60-749,1238,0.618691
32-749,323,0.161419
32-39-749,1476,0.737631
32-48-749,1193,0.596202
749-41,517,0.258371
48-749-41,1387,0.693153
39-749-41,1670,0.834583
48-749,902,0.450775
48-39-749,2055,1.026987
39-749,1185,0.592204
522,33,0.016492
522-310,89,0.044478
522-101,79,0.03948
522-41,518,0.258871
48-522-41,1388,0.693653
522-39-41,1671,0.835082
48-522-39-41,2541,1.269865
522-32,324,0.161919
48-522-32,1194,0.596702
48-522,903,0.451274
48-522-39,2056,1.027486
522-39,1186,0.592704
824,34,0.016992
824-101,80,0.03998
824-32,325,0.162419
824-39-32,1478,0.738631
48-824-32,1195,0.597201
824-41,519,0.25937
824-39-41,1672,0.835582
48-824-41,1389,0.694153
48-824-39-41,2542,1.270365
38-824,470,0.234883
38-48-824,1340,0.669665
38-48-824-39,2493,1.245877
38-824-39,1623,0.811094
824-39,1187,0.593203
48-824-39,2057,1.027986
48-824,904,0.451774
589,35,0.017491
32-589,326,0.162919
39-32-589,1479,0.73913
604-589,84,0.041979
65-589,100,0.049975
39-65-589,1253,0.626187
60-589,88,0.043978
38-589,471,0.235382
38-41-589,956,0.477761
38-39-41-589,2109,1.053973
38-39-589,1624,0.811594
41-589,520,0.25987
48-41-589,1390,0.694653
48-41-39-589,2543,1.270865
39-41-589,1673,0.836082
48-589,905,0.452274
48-39-589,2058,1.028486
39-589,1188,0.593703
147,36,0.017991
38-147,472,0.235882
38-147-41,957,0.478261
38-48-147-41,1827,0.913043
38-39-147,1625,0.812094
38-39-147-41,2110,1.054473
41-38-48-147-39,2980,1.489255
38-48-39-147,2495,1.246877
38-48-147,1342,0.670665
147-32,327,0.163418
147-32-41,812,0.405797
48-147-32-41,1682,0.84058
39-147-32,1480,0.73963
48-39-147-32,2350,1.174413
48-147-32,1197,0.598201
147-41,521,0.26037
48-147-41,1391,0.695152
48-147-39-41,2544,1.271364
39-147-41,1674,0.836582
39-147,1189,0.594203
48-39-147,2059,1.028986
48-147,906,0.452774
225,36,0.017991
38-225,472,0.235882
38-48-225,1342,0.670665
38-48-39-225,2495,1.246877
38-32-225,763,0.381309
38-32-225-41,1248,0.623688
41-38-32-39-225,2401,1.1999
38-39-32-225,1916,0.957521
38-225-41,957,0.478261
38-39-225-41,2110,1.054473
38-39-225,1625,0.812094
32-225,327,0.163418
32-48-225,1197,0.598201
32-48-39-225,2350,1.174413
32-225-41,812,0.405797
32-39-225-41,1965,0.982009
32-39-225,1480,0.73963
48-225,906,0.452774
48-225-41,1391,0.695152
48-39-225-41,2544,1.271364
48-39-225,2059,1.028986
225-41,521,0.26037
39-225-41,1674,0.836582
39-225,1189,0.594203
1121,36,0.017991
38-1121,472,0.235882
38-39-1121,1625,0.812094
60-1121,89,0.044478
604-1121,85,0.042479
39-604-1121,1238,0.618691
1121-32,327,0.163418
1121-41,521,0.26037
48-1121-41,1391,0.695152
39-1121-41,1674,0.836582
48-1121,906,0.452774
48-1121-39,2059,1.028986
39-1121,1189,0.594203
1198,37,0.018491
1198-604,86,0.042979
1198-89,112,0.055972
48-1198-89,982,0.490755
39-1198-89,1265,0.632184
48-39-1198-89,2135,1.066967
1198-310,93,0.046477
39-1198-310,1246,0.622689
1198-255,89,0.044478
48-1198-255,959,0.47926
39-1198-255,1242,0.62069
48-39-1198-255,2112,1.055472
1198-32,328,0.163918
1198-65,102,0.050975
38-1198,473,0.236382
38-48-1198,1343,0.671164
38-48-1198-39,2496,1.247376
38-39-1198,1626,0.812594
1198-41,522,0.26087
48-1198-41,1392,0.695652
38-1198-41,958,0.478761
38-39-1198-41,2111,1.054973
39-1198-41,1675,0.837081
48-1198,907,0.453273
48-1198-39,2060,1.029485
39-1198,1190,0.594703
1715,37,0.018491
1715-89,112,0.055972
48-1715-89,982,0.490755
38-1715,473,0.236382
38-39-1715,1626,0.812594
1715-60,90,0.044978
39-1715-60,1243,0.621189
1715-32,328,0.163918
48-1715-32,1198,0.598701
39-1715-32,1481,0.74013
48-39-1715-32,2351,1.174913
1715-41,522,0.26087
39-1715-41,1675,0.837081
48-39-1715-41,2545,1.271864
48-1715-41,1392,0.695652
48-1715,907,0.453273
48-1715-39,2060,1.029485
39-1715,1190,0.594703
101,46,0.022989
101-65,111,0.055472
310-101,102,0.050975
38-101,482,0.24088
38-101-41,967,0.483258
38-39-101-41,2120,1.05947
38-48-101,1352,0.675662
38-48-101-39,2505,1.251874
38-39-101,1635,0.817091
101-32,337,0.168416
39-101-32,1490,0.744628
48-101-32,1207,0.603198
48-101-39-32,2360,1.17941
101-89,121,0.06047
39-101-89,1274,0.636682
48-39-101-89,2144,1.071464
48-101-89,991,0.495252
101-41,531,0.265367
48-101-41,1401,0.70015
48-101-39-41,2554,1.276362
39-101-41,1684,0.841579
48-101,916,0.457771
39-101,1199,0.5992
48-39-101,2069,1.033983
475,48,0.023988
475-237,104,0.051974
475-48-237,974,0.486757
475-65,113,0.056472
475-32,339,0.169415
475-48-32,1209,0.604198
475-39-32,1492,0.745627
475-38,484,0.241879
475-38-41,969,0.484258
475-39-38-41,2122,1.06047
475-48-38-41,1839,0.91904
475-39-38,1637,0.818091
475-48-39-38,2507,1.252874
475-48-38,1354,0.676662
475-41,533,0.266367
475-39-41,1686,0.842579
475-48-41,1403,0.701149
475-48-39-41,2556,1.277361
475-39,1201,0.6002
475-48-39,2071,1.034983
475-48,918,0.458771
604,49,0.024488
604-89,124,0.061969
38-604-89,560,0.27986
38-48-604-89,1430,0.714643
604-89-41,609,0.304348
48-604-89-41,1479,0.73913
39-604-89,1277,0.638181
48-39-604-89,2147,1.072964
48-604-89,994,0.496752
604-32,340,0.169915
48-604-32,1210,0.604698
48-604-39-32,2363,1.18091
39-604-32,1493,0.746127
604-60,102,0.050975
48-604-60,972,0.485757
39-604-60,1255,0.627186
38-604,485,0.242379
38-604-41,970,0.484758
38-48-604-41,1840,0.91954
38-39-604-41,2123,1.06097
38-48-604,1355,0.677161
38-48-604-39,2508,1.253373
38-39-604,1638,0.818591
604-41,534,0.266867
48-604-41,1404,0.701649
48-604-39-41,2557,1.277861
39-604-41,1687,0.843078
48-604,919,0.45927
48-604-39,2072,1.035482
39-604,1202,0.6007
255,52,0.025987
255-36,134,0.066967
48-255-36,1004,0.501749
38-48-255-36,1440,0.71964
38-255-36,570,0.284858
310-255,108,0.053973
48-310-255,978,0.488756
48-310-255-39,2131,1.064968
39-310-255,1261,0.630185
255-32,343,0.171414
39-255-32,1496,0.747626
48-255-32,1213,0.606197
255-65,117,0.058471
39-255-65,1270,0.634683
48-39-255-65,2140,1.069465
48-255-65,987,0.493253
38-255,488,0.243878
38-255-41,973,0.486257
38-39-255-41,2126,1.062469
41-38-255-48-39,2996,1.497251
38-48-255-41,1843,0.921039
38-39-255,1641,0.82009
38-48-39-255,2511,1.254873
38-48-255,1358,0.678661
255-41,537,0.268366
39-255-41,1690,0.844578
48-39-255-41,2560,1.27936
48-255-41,1407,0.703148
39-255,1205,0.602199
48-39-255,2075,1.036982
48-255,922,0.46077
60,53,0.026487
38-60,489,0.244378
38-39-60,1642,0.82059
60-32,344,0.171914
39-60-32,1497,0.748126
48-60-32,1214,0.606697
60-41,538,0.268866
48-60-41,1408,0.703648
48-60-39-41,2561,1.27986
39-60-41,1691,0.845077
48-60,923,0.461269
48-60-39,2076,1.037481
39-60,1206,0.602699
237,56,0.027986
237-110,136,0.067966
237-32,347,0.173413
237-32-41,832,0.415792
237-39-32,1500,0.749625
48-237-32,1217,0.608196
38-237,492,0.245877
38-237-41,977,0.488256
38-237-39-41,2130,1.064468
38-48-237,1362,0.68066
38-48-237-39,2515,1.256872
38-237-39,1645,0.822089
237-41,541,0.270365
48-237-41,1411,0.705147
48-237-39-41,2564,1.281359
237-39-41,1694,0.846577
48-237,926,0.462769
48-237-39,2079,1.038981
237-39,1209,0.604198
310,56,0.027986
310-36,138,0.068966
38-310-36,574,0.286857
310-170,150,0.074963
38-310-170,586,0.292854
310-1327,151,0.075462
39-310-1327,1304,0.651674
38-310,492,0.245877
38-48-310,1362,0.68066
38-48-310-39,2515,1.256872
38-39-310,1645,0.822089
310-32,347,0.173413
310-32-41,832,0.415792
39-310-32-41,1985,0.992004
48-310-32,1217,0.608196
48-310-39-32,2370,1.184408
39-310-32,1500,0.749625
310-41,541,0.270365
48-310-41,1411,0.705147
48-310-39-41,2564,1.281359
39-310-41,1694,0.846577
48-310,926,0.462769
48-310-39,2079,1.038981
39-310,1209,0.604198
438,58,0.028986
438-41,543,0.271364
38-438-41,979,0.489255
38-438-39-41,2132,1.065467
48-438-41,1413,0.706147
438-39-41,1696,0.847576
38-438,494,0.246877
38-48-438,1364,0.681659
38-48-438-39,2517,1.257871
38-438-39,1647,0.823088
438-32,349,0.174413
48-438-32,1219,0.609195
438-39-32,1502,0.750625
48-438-39-32,2372,1.185407
48-438,928,0.463768
48-438-39,2081,1.03998
438-39,1211,0.605197
65,65,0.032484
65-89,140,0.069965
65-89-41,625,0.312344
39-65-89-41,1778,0.888556
39-65-89,1293,0.646177
48-65-89,1010,0.504748
48-65-89-39,2163,1.08096
65-32,356,0.177911
65-32-41,841,0.42029
39-65-32,1509,0.754123
48-65-32,1226,0.612694
38-65-32,792,0.395802
38-65,501,0.250375
38-65-41,986,0.492754
38-48-65,1371,0.685157
38-48-65-39,2524,1.261369
38-39-65,1654,0.826587
65-41,550,0.274863
48-65-41,1420,0.709645
48-65-39-41,2573,1.285857
39-65-41,1703,0.851074
39-65,1218,0.608696
48-39-65,2088,1.043478
48-65,935,0.467266
89,75,0.037481
36-89,157,0.078461
38-36-89,593,0.296352
36-39-89,1310,0.654673
38-36-39-89,1746,0.872564
170-89,169,0.084458
38-170-89,605,0.302349
48-170-89,1039,0.51924
38-48-170-89,1475,0.737131
32-89,366,0.182909
32-48-89,1236,0.617691
32-48-39-89,2389,1.193903
32-39-89,1519,0.75912
1327-89,170,0.084958
1327-89-41,655,0.327336
39-1327-89-41,1808,0.903548
48-1327-89,1040,0.51974
48-1327-39-89,2193,1.095952
39-1327-89,1323,0.661169
38-89,511,0.255372
38-89-41,996,0.497751
38-48-89-41,1866,0.932534
41-38-89-48-39,3019,1.508746
38-39-89-41,2149,1.073963
38-48-89,1381,0.690155
38-48-39-89,2534,1.266367
38-39-89,1664,0.831584
89-41,560,0.27986
48-89-41,1430,0.714643
48-39-89-41,2583,1.290855
39-89-41,1713,0.856072
48-89,945,0.472264
48-39-89,2098,1.048476
39-89,1228,0.613693
110,80,0.03998
110-1327,175,0.087456
39-110-1327,1328,0.663668
38-39-110-1327,1764,0.881559
38-110-1327,611,0.305347
110-36,162,0.08096
38-110-36,598,0.298851
110-32,371,0.185407
110-32-41,856,0.427786
38-110-32-41,1292,0.645677
39-110-32,1524,0.761619
39-110-32-41,2009,1.003998
41-38-110-32-39,2445,1.221889
48-39-110-32,2394,1.196402
38-110-32-48-39,2830,1.414293
38-39-110-32,1960,0.97951
48-110-32,1241,0.62019
38-48-110-32,1677,0.838081
38-110-32,807,0.403298
48-110,950,0.474763
48-110-41,1435,0.717141
48-110-39-41,2588,1.293353
41-38-110-48-39,3024,1.511244
38-48-110-41,1871,0.935032
48-110-39,2103,1.050975
38-48-110-39,2539,1.268866
38-48-110,1386,0.692654
110-41,565,0.282359
39-110-41,1718,0.858571
38-39-110-41,2154,1.076462
38-110-41,1001,0.50025
39-110,1233,0.616192
38-39-110,1669,0.834083
38-110,516,0.257871
36,82,0.04098
170-36,176,0.087956
38-170-36,612,0.305847
1327-36,177,0.088456
48-1327-36,1047,0.523238
48-1327-39-36,2200,1.09945
38-48-1327-36,1483,0.741129
38-36-48-1327-39,2636,1.317341
39-1327-36,1330,0.664668
38-39-1327-36,1766,0.882559
38-1327-36,613,0.306347
32-36,373,0.186407
32-36-41,858,0.428786
32-39-36-41,2011,1.004998
32-38-36-41,1294,0.646677
41-38-36-32-39,2447,1.222889
32-48-36,1243,0.621189
32-48-39-36,2396,1.197401
38-36-32-48-39,2832,1.415292
32-48-38-36,1679,0.83908
32-39-36,1526,0.762619
32-39-38-36,1962,0.98051
32-38-36,809,0.404298
48-36,952,0.475762
48-36-41,1437,0.718141
48-39-36-41,2590,1.294353
41-38-36-48-39,3026,1.512244
38-48-36-41,1873,0.936032
48-39-36,2105,1.051974
38-48-39-36,2541,1.269865
38-48-36,1388,0.693653
36-41,567,0.283358
39-36-41,1720,0.85957
38-39-36-41,2156,1.077461
38-36-41,1003,0.501249
39-36,1235,0.617191
38-39-36,1671,0.835082
38-36,518,0.258871
170,94,0.046977
170-1327,189,0.094453
170-41-1327,674,0.336832
38-170-41-1327,1110,0.554723
39-170-41-1327,1827,0.913043
170-41-38-39-1327,2263,1.130935
39-170-1327,1342,0.670665
38-170-1327,625,0.312344
38-39-170-1327,1778,0.888556
170-32,385,0.192404
48-170-32,1255,0.627186
38-48-170-32,1691,0.845077
170-32-41,870,0.434783
39-170-32-41,2023,1.010995
170-41-38-32-39,2459,1.228886
38-170-32-41,1306,0.652674
39-170-32,1538,0.768616
38-39-170-32,1974,0.986507
38-170-32,821,0.410295
170-41,579,0.289355
48-170-41,1449,0.724138
48-170-39-41,2602,1.30035
170-41-38-48-39,3038,1.518241
38-48-170-41,1885,0.942029
39-170-41,1732,0.865567
38-39-170-41,2168,1.083458
38-170-41,1015,0.507246
48-170,964,0.481759
48-170-39,2117,1.057971
38-48-170-39,2553,1.275862
38-48-170,1400,0.69965
39-170,1247,0.623188
38-39-170,1683,0.841079
38-170,530,0.264868
1327,95,0.047476
1327-32,386,0.192904
38-1327-32,822,0.410795
48-1327-32,1256,0.627686
48-1327-39-32,2409,1.203898
39-1327-32,1539,0.769115
38-1327,531,0.265367
38-1327-41,1016,0.507746
38-48-1327-41,1886,0.942529
41-38-48-1327-39,3039,1.518741
38-39-1327-41,2169,1.083958
38-48-1327,1401,0.70015
38-48-1327-39,2554,1.276362
38-39-1327,1684,0.841579
1327-41,580,0.289855
48-1327-41,1450,0.724638
48-1327-39-41,2603,1.30085
39-1327-41,1733,0.866067
48-1327,965,0.482259
48-1327-39,2118,1.058471
39-1327,1248,0.623688
32,291,0.145427
38-32,727,0.363318
38-32-41,1212,0.605697
38-48-32-41,2082,1.04048
41-38-32-48-39,3235,1.616692
38-39-32-41,2365,1.181909
38-48-32,1597,0.798101
38-48-39-32,2750,1.374313
38-39-32,1880,0.93953
32-41,776,0.387806
48-32-41,1646,0.822589
48-39-32-41,2799,1.398801
39-32-41,1929,0.964018
48-32,1161,0.58021
48-39-32,2314,1.156422
39-32,1444,0.721639
38,436,0.217891
38-41,921,0.46027
38-48-41,1791,0.895052
38-48-39-41,2944,1.471264
38-39-41,2074,1.036482
38-48,1306,0.652674
38-48-39,2459,1.228886
38-39,1589,0.794103
41,485,0.242379
48-41,1355,0.677161
48-39-41,2508,1.253373
39-41,1638,0.818591
48,870,0.434783
48-39,2023,1.010995
39,1153,0.576212
